model_type,feature_set,n_selected,selected_features,train_mse,train_mae,train_qlike,train_r2,train_r2log,test_mse,test_mae,test_qlike,test_r2,test_r2log,target_col_raw,target_col_model,target_horizon,core_columns,extra_feature_cols,window_type,initial_train_size,window_test_size,window_step,rolling_window_size,n_windows,selection_method,model_add_constant,model_standardize_features,model_target_transform,model_prediction_floor,model_log_transform_rv_features,model_feature_floor,model_max_selected_features,model_min_train_feature_ratio,lasso_best_alpha,bsr_alpha,bsr_window_type,bsr_window_size,bsr_step
bsr_expanding,har,3,"wheat_weekly_rv,wheat_monthly_rv,wheat_seasonal_rv",1.5604018435317507e-05,0.00260379270962984,-3.177531598739996,0.30093420049838215,0.39884062416022037,1.505694408002848e-05,0.0026070694086478847,-3.1997445381754335,0.30291157589890616,0.37980997552792817,wheat_weekly_rv,RV_target,4,"wheat_weekly_rv,wheat_monthly_rv,wheat_seasonal_rv",,expanding,104,1,1,,724,bsr,True,False,log,1e-10,True,1e-10,25,5.0,,0.05,full,,1.0
bsr_expanding,har_endo,21,"wheat_weekly_rv,wheat_monthly_rv,wheat_seasonal_rv,wheat_monthly_rku,wheat_monthly_rvg,wheat_monthly_trd,wheat_monthly_tru,wheat_seasonal_lev,wheat_seasonal_rsk,wheat_monthly_jumps,wheat_monthly_rvb,wheat_seasonal_rvb,wheat_seasonal_rvg,wheat_seasonal_trd,wheat_seasonal_tru,wheat_weekly_lev,wheat_weekly_rvb,wheat_weekly_trd,wheat_seasonal_jumps,wheat_monthly_rsk,wheat_monthly_lev",1.4240019845927542e-05,0.0024709170687062607,-3.1795615648746196,0.362041841992371,0.4474421851778011,1.5948633526947865e-05,0.0026333956247592233,-3.196976751572242,0.26162920226207487,0.32069919390283763,wheat_weekly_rv,RV_target,4,"wheat_weekly_rv,wheat_monthly_rv,wheat_seasonal_rv","wheat_monthly_jumps,wheat_monthly_lev,wheat_monthly_rku,wheat_monthly_rsk,wheat_monthly_rvb,wheat_monthly_rvg,wheat_monthly_trd,wheat_monthly_tru,wheat_seasonal_jumps,wheat_seasonal_lev,wheat_seasonal_rku,wheat_seasonal_rsk,wheat_seasonal_rvb,wheat_seasonal_rvg,wheat_seasonal_trd,wheat_seasonal_tru,wheat_weekly_jumps,wheat_weekly_lev,wheat_weekly_rku,wheat_weekly_rsk,wheat_weekly_rvb,wheat_weekly_rvg,wheat_weekly_trd,wheat_weekly_tru",expanding,104,1,1,,724,bsr,True,False,log,1e-10,True,1e-10,25,5.0,,0.05,full,,1.0
bsr_expanding,har_endo_exo,79,"wheat_weekly_rv,wheat_monthly_rv,wheat_seasonal_rv,wheat_seasonal_rsk,corn_seasonal_lev,soybeans_weekly_rvg,wheat_monthly_tru,corn_monthly_jumps,soybeans_weekly_rv,corn_monthly_rv,soybeans_weekly_rvb,corn_monthly_rvg,soybeans_monthly_lev,soybeans_seasonal_jumps,wheat_monthly_rku,soybeans_seasonal_rv,soybeans_monthly_tru,wheat_monthly_rvb,soybeans_seasonal_rvb,wheat_seasonal_trd,soybeans_seasonal_rvg,wheat_seasonal_tru,wheat_monthly_rvg,wheat_weekly_rvb,soybeans_weekly_tru,soybeans_monthly_rku,corn_weekly_tru,corn_seasonal_rku,soybeans_weekly_lev,corn_weekly_trd,wheat_monthly_rsk,soybeans_weekly_trd,soybeans_seasonal_rsk,wheat_monthly_trd,wheat_weekly_tru,corn_weekly_rv,corn_weekly_rvb,corn_monthly_lev,wheat_weekly_trd,soybeans_seasonal_lev,wheat_weekly_rku,soybeans_monthly_trd,soybeans_seasonal_rku,corn_seasonal_rvb,corn_weekly_jumps,wheat_seasonal_rku,corn_seasonal_rsk,soybeans_monthly_rsk,wheat_seasonal_rvb,soybeans_weekly_rsk,wheat_seasonal_rvg,wheat_weekly_lev,corn_monthly_rvb,corn_seasonal_trd,corn_monthly_rsk,soybeans_monthly_rvg,soybeans_seasonal_tru,wheat_seasonal_lev,corn_seasonal_tru,corn_seasonal_rvg,soybeans_monthly_rv,wheat_monthly_lev,wheat_seasonal_jumps,wheat_weekly_rsk,soybeans_monthly_rvb,corn_weekly_rvg,corn_monthly_trd,corn_monthly_tru,wheat_weekly_rvg,soybeans_weekly_rku,corn_monthly_rku,soybeans_seasonal_trd,corn_seasonal_jumps,wheat_monthly_jumps,corn_seasonal_rv,soybeans_monthly_jumps,corn_weekly_rku,corn_weekly_lev,soybeans_weekly_jumps",1.2184930592920925e-05,0.0022657416024189432,-3.183295784423904,0.4541106009249172,0.5341634351035665,1.665715769208794e-05,0.0027968606618603894,-3.1975443617755586,0.22882679620345436,0.2996630946567377,wheat_weekly_rv,RV_target,4,"wheat_weekly_rv,wheat_monthly_rv,wheat_seasonal_rv","wheat_monthly_jumps,wheat_monthly_lev,wheat_monthly_rku,wheat_monthly_rsk,wheat_monthly_rvb,wheat_monthly_rvg,wheat_monthly_trd,wheat_monthly_tru,wheat_seasonal_jumps,wheat_seasonal_lev,wheat_seasonal_rku,wheat_seasonal_rsk,wheat_seasonal_rvb,wheat_seasonal_rvg,wheat_seasonal_trd,wheat_seasonal_tru,wheat_weekly_jumps,wheat_weekly_lev,wheat_weekly_rku,wheat_weekly_rsk,wheat_weekly_rvb,wheat_weekly_rvg,wheat_weekly_trd,wheat_weekly_tru,corn_monthly_jumps,corn_monthly_lev,corn_monthly_rku,corn_monthly_rsk,corn_monthly_rv,corn_monthly_rvb,corn_monthly_rvg,corn_monthly_trd,corn_monthly_tru,corn_seasonal_jumps,corn_seasonal_lev,corn_seasonal_rku,corn_seasonal_rsk,corn_seasonal_rv,corn_seasonal_rvb,corn_seasonal_rvg,corn_seasonal_trd,corn_seasonal_tru,corn_weekly_jumps,corn_weekly_lev,corn_weekly_rku,corn_weekly_rsk,corn_weekly_rv,corn_weekly_rvb,corn_weekly_rvg,corn_weekly_trd,corn_weekly_tru,soybeans_monthly_jumps,soybeans_monthly_lev,soybeans_monthly_rku,soybeans_monthly_rsk,soybeans_monthly_rv,soybeans_monthly_rvb,soybeans_monthly_rvg,soybeans_monthly_trd,soybeans_monthly_tru,soybeans_seasonal_jumps,soybeans_seasonal_lev,soybeans_seasonal_rku,soybeans_seasonal_rsk,soybeans_seasonal_rv,soybeans_seasonal_rvb,soybeans_seasonal_rvg,soybeans_seasonal_trd,soybeans_seasonal_tru,soybeans_weekly_jumps,soybeans_weekly_lev,soybeans_weekly_rku,soybeans_weekly_rsk,soybeans_weekly_rv,soybeans_weekly_rvb,soybeans_weekly_rvg,soybeans_weekly_trd,soybeans_weekly_tru",expanding,104,1,1,,724,bsr,True,False,log,1e-10,True,1e-10,25,5.0,,0.05,full,,1.0
bsr_expanding,har_endo_exogenous_climate,85,"wheat_weekly_rv,wheat_monthly_rv,wheat_seasonal_rv,wheat_weekly_rvg,SOI_index,corn_seasonal_lev,soybeans_weekly_rvg,soybeans_weekly_tru,soybeans_weekly_rv,corn_monthly_lev,corn_weekly_rvb,soybeans_weekly_rvb,soybeans_monthly_lev,soybeans_seasonal_jumps,soybeans_seasonal_rv,soybeans_monthly_tru,wheat_weekly_rsk,soybeans_seasonal_rvb,soybeans_seasonal_rvg,soybeans_seasonal_trd,soybeans_monthly_rvg,wet,corn_seasonal_rvg,corn_weekly_jumps,corn_seasonal_rv,ssta_elino,wheat_weekly_tru,corn_monthly_tru,wheat_monthly_rvg,wheat_weekly_rvb,Text_Climate_Anomaly,corn_monthly_rsk,ssta_lanina,soybeans_weekly_lev,corn_weekly_trd,soybeans_weekly_trd,wheat_monthly_lev,wheat_monthly_rku,wheat_monthly_trd,soybeans_seasonal_rku,soybeans_monthly_rvb,soybeans_monthly_trd,wheat_seasonal_rsk,soybeans_weekly_rsk,wheat_seasonal_rvb,wheat_monthly_rvb,corn_seasonal_rsk,corn_monthly_rv,corn_monthly_rvg,wheat_seasonal_trd,soybeans_seasonal_rsk,soybeans_seasonal_lev,wheat_seasonal_tru,wheat_seasonal_rku,corn_seasonal_rku,wheat_seasonal_rvg,wheat_weekly_trd,wheat_weekly_rku,wheat_seasonal_jumps,corn_seasonal_trd,wheat_weekly_lev,soybeans_monthly_rsk,corn_monthly_rvb,soybeans_seasonal_tru,wheat_monthly_tru,corn_seasonal_rvb,corn_weekly_rv,wheat_seasonal_lev,corn_seasonal_tru,soybeans_monthly_rku,wheat_monthly_rsk,dry,soybeans_monthly_rv,soybeans_weekly_rku,corn_weekly_rvg,corn_weekly_lev,wheat_monthly_jumps,corn_weekly_tru,corn_monthly_trd,soybeans_monthly_jumps,corn_monthly_jumps,wheat_weekly_jumps,corn_monthly_rku,corn_seasonal_jumps,NAO_index",1.220887233619467e-05,0.002292249702991315,-3.183213073014333,0.45303800196763555,0.5321645078150894,1.6774080004154437e-05,0.002851981374301533,-3.196711424315075,0.22341366656522987,0.2772220145659162,wheat_weekly_rv,RV_target,4,"wheat_weekly_rv,wheat_monthly_rv,wheat_seasonal_rv","wheat_monthly_jumps,wheat_monthly_lev,wheat_monthly_rku,wheat_monthly_rsk,wheat_monthly_rvb,wheat_monthly_rvg,wheat_monthly_trd,wheat_monthly_tru,wheat_seasonal_jumps,wheat_seasonal_lev,wheat_seasonal_rku,wheat_seasonal_rsk,wheat_seasonal_rvb,wheat_seasonal_rvg,wheat_seasonal_trd,wheat_seasonal_tru,wheat_weekly_jumps,wheat_weekly_lev,wheat_weekly_rku,wheat_weekly_rsk,wheat_weekly_rvb,wheat_weekly_rvg,wheat_weekly_trd,wheat_weekly_tru,corn_monthly_jumps,corn_monthly_lev,corn_monthly_rku,corn_monthly_rsk,corn_monthly_rv,corn_monthly_rvb,corn_monthly_rvg,corn_monthly_trd,corn_monthly_tru,corn_seasonal_jumps,corn_seasonal_lev,corn_seasonal_rku,corn_seasonal_rsk,corn_seasonal_rv,corn_seasonal_rvb,corn_seasonal_rvg,corn_seasonal_trd,corn_seasonal_tru,corn_weekly_jumps,corn_weekly_lev,corn_weekly_rku,corn_weekly_rsk,corn_weekly_rv,corn_weekly_rvb,corn_weekly_rvg,corn_weekly_trd,corn_weekly_tru,soybeans_monthly_jumps,soybeans_monthly_lev,soybeans_monthly_rku,soybeans_monthly_rsk,soybeans_monthly_rv,soybeans_monthly_rvb,soybeans_monthly_rvg,soybeans_monthly_trd,soybeans_monthly_tru,soybeans_seasonal_jumps,soybeans_seasonal_lev,soybeans_seasonal_rku,soybeans_seasonal_rsk,soybeans_seasonal_rv,soybeans_seasonal_rvb,soybeans_seasonal_rvg,soybeans_seasonal_trd,soybeans_seasonal_tru,soybeans_weekly_jumps,soybeans_weekly_lev,soybeans_weekly_rku,soybeans_weekly_rsk,soybeans_weekly_rv,soybeans_weekly_rvb,soybeans_weekly_rvg,soybeans_weekly_trd,soybeans_weekly_tru,ssta_elino,ssta_lanina,dry,wet,SOI_index,NAO_index,Text_Climate_Anomaly",expanding,104,1,1,,724,bsr,True,False,log,1e-10,True,1e-10,25,5.0,,0.05,full,,1.0
bsr_expanding,har__all,98,"wheat_weekly_rv,wheat_monthly_rv,wheat_seasonal_rv,ssta_elino,wheat_seasonal_rsk,frbsf_sentiment,epu_monetary,wheat_monthly_jumps,wheat_seasonal_lev,soybeans_weekly_rsk,corn_seasonal_lev,NAO_index,wheat_weekly_rvg,soybeans_weekly_rku,wheat_monthly_tru,epu_govt_spending,wheat_weekly_tru,corn_seasonal_rsk,soybeans_weekly_lev,wheat_weekly_rvb,corn_monthly_tru,Text_Climate_Anomaly,corn_monthly_rv,corn_weekly_rv,epu_financial_reg,corn_monthly_rvb,soybeans_weekly_rvg,wheat_monthly_rvg,corn_monthly_trd,corn_monthly_rsk,soybeans_weekly_jumps,soybeans_monthly_rku,corn_weekly_rsk,wheat_seasonal_rvb,wheat_weekly_trd,corn_weekly_tru,wet,corn_seasonal_jumps,soybeans_seasonal_rsk,corn_monthly_rku,soybeans_seasonal_rku,corn_monthly_rvg,soybeans_monthly_jumps,corn_monthly_lev,wheat_seasonal_trd,epu_sovereign_debt,corn_seasonal_rku,soybeans_seasonal_jumps,corn_seasonal_rv,wheat_seasonal_rvg,wheat_seasonal_tru,corn_seasonal_tru,corn_seasonal_rvg,corn_seasonal_rvb,soybeans_weekly_rv,epu_regulation,soybeans_weekly_trd,corn_monthly_jumps,corn_weekly_rvg,wheat_seasonal_jumps,soybeans_weekly_tru,wheat_monthly_rvb,corn_weekly_rvb,dry,corn_seasonal_trd,wheat_seasonal_rku,SOI_index,epu_entitlement,wheat_monthly_lev,soybeans_seasonal_trd,epu_overall,soybeans_monthly_rvg,soybeans_monthly_rsk,soybeans_seasonal_tru,wheat_weekly_jumps,soybeans_weekly_rvb,soybeans_monthly_rv,soybeans_seasonal_rvg,corn_weekly_trd,wheat_weekly_lev,wheat_weekly_rsk,soybeans_monthly_rvb,soybeans_seasonal_rvb,wheat_weekly_rku,WTI_Index,wheat_monthly_rku,DJIA_Index,soybeans_monthly_tru,epu_trade,ssta_lanina,epu_index,epu_fiscal,wheat_monthly_trd,soybeans_monthly_trd,Broad_Dollar_index,soybeans_seasonal_rv,epu_national_security,Stock_Uncertainty",1.1625450645124703e-05,0.002225803450236109,-3.17975494939576,0.4712653549445588,0.54739908357484,1.7253947554894248e-05,0.0027053873099833945,-3.202095841155385,0.1521409725695102,0.2691833070627553,wheat_weekly_rv,RV_target,4,"wheat_weekly_rv,wheat_monthly_rv,wheat_seasonal_rv","wheat_monthly_jumps,wheat_monthly_lev,wheat_monthly_rku,wheat_monthly_rsk,wheat_monthly_rvb,wheat_monthly_rvg,wheat_monthly_trd,wheat_monthly_tru,wheat_seasonal_jumps,wheat_seasonal_lev,wheat_seasonal_rku,wheat_seasonal_rsk,wheat_seasonal_rvb,wheat_seasonal_rvg,wheat_seasonal_trd,wheat_seasonal_tru,wheat_weekly_jumps,wheat_weekly_lev,wheat_weekly_rku,wheat_weekly_rsk,wheat_weekly_rvb,wheat_weekly_rvg,wheat_weekly_trd,wheat_weekly_tru,corn_monthly_jumps,corn_monthly_lev,corn_monthly_rku,corn_monthly_rsk,corn_monthly_rv,corn_monthly_rvb,corn_monthly_rvg,corn_monthly_trd,corn_monthly_tru,corn_seasonal_jumps,corn_seasonal_lev,corn_seasonal_rku,corn_seasonal_rsk,corn_seasonal_rv,corn_seasonal_rvb,corn_seasonal_rvg,corn_seasonal_trd,corn_seasonal_tru,corn_weekly_jumps,corn_weekly_lev,corn_weekly_rku,corn_weekly_rsk,corn_weekly_rv,corn_weekly_rvb,corn_weekly_rvg,corn_weekly_trd,corn_weekly_tru,soybeans_monthly_jumps,soybeans_monthly_lev,soybeans_monthly_rku,soybeans_monthly_rsk,soybeans_monthly_rv,soybeans_monthly_rvb,soybeans_monthly_rvg,soybeans_monthly_trd,soybeans_monthly_tru,soybeans_seasonal_jumps,soybeans_seasonal_lev,soybeans_seasonal_rku,soybeans_seasonal_rsk,soybeans_seasonal_rv,soybeans_seasonal_rvb,soybeans_seasonal_rvg,soybeans_seasonal_trd,soybeans_seasonal_tru,soybeans_weekly_jumps,soybeans_weekly_lev,soybeans_weekly_rku,soybeans_weekly_rsk,soybeans_weekly_rv,soybeans_weekly_rvb,soybeans_weekly_rvg,soybeans_weekly_trd,soybeans_weekly_tru,ssta_elino,ssta_lanina,dry,wet,SOI_index,NAO_index,Text_Climate_Anomaly,frbsf_sentiment,epu_entitlement,epu_financial_reg,epu_fiscal,epu_govt_spending,epu_healthcare,epu_index,epu_monetary,epu_national_security,epu_overall,epu_regulation,epu_sovereign_debt,epu_taxes,epu_trade,DJIA_Index,WTI_Index,Broad_Dollar_index,Stock_Uncertainty",expanding,104,1,1,,614,bsr,True,False,log,1e-10,True,1e-10,25,5.0,,0.05,full,,1.0
bsr_expanding,har_endo_exogenous_climate_news,93,"wheat_weekly_rv,wheat_monthly_rv,wheat_seasonal_rv,epu_monetary,wheat_seasonal_rsk,Text_Climate_Anomaly,frbsf_sentiment,wheat_weekly_rvg,wheat_weekly_tru,soybeans_weekly_rku,wheat_seasonal_lev,corn_seasonal_lev,soybeans_weekly_rvg,soybeans_weekly_tru,corn_monthly_tru,wheat_monthly_tru,corn_monthly_jumps,soybeans_weekly_rv,corn_weekly_rv,corn_weekly_rvg,corn_monthly_lev,wheat_weekly_rvb,soybeans_seasonal_lev,corn_seasonal_rsk,corn_weekly_trd,soybeans_weekly_trd,wheat_weekly_trd,soybeans_seasonal_rv,wheat_monthly_rku,epu_trade,corn_seasonal_trd,soybeans_seasonal_rvb,wheat_weekly_rsk,wheat_weekly_lev,epu_entitlement,corn_seasonal_rvb,soybeans_seasonal_rsk,corn_seasonal_rv,corn_weekly_jumps,soybeans_monthly_trd,soybeans_seasonal_trd,epu_taxes,ssta_elino,wheat_monthly_rvg,SOI_index,wheat_seasonal_rvb,corn_monthly_rv,corn_monthly_rvb,soybeans_weekly_lev,corn_monthly_rsk,wheat_seasonal_tru,wheat_seasonal_jumps,epu_overall,wheat_seasonal_rku,soybeans_monthly_lev,epu_financial_reg,wheat_seasonal_rvg,wheat_monthly_rsk,corn_weekly_rsk,soybeans_monthly_rvb,epu_fiscal,corn_seasonal_rku,epu_regulation,NAO_index,wet,wheat_seasonal_trd,wheat_monthly_rvb,wheat_monthly_trd,epu_national_security,epu_sovereign_debt,soybeans_seasonal_jumps,corn_seasonal_tru,soybeans_monthly_rsk,soybeans_monthly_tru,wheat_weekly_rku,corn_monthly_trd,corn_seasonal_rvg,soybeans_seasonal_tru,soybeans_weekly_rvb,corn_weekly_rvb,soybeans_monthly_jumps,soybeans_monthly_rvg,ssta_lanina,corn_monthly_rvg,soybeans_seasonal_rku,soybeans_seasonal_rvg,wheat_monthly_jumps,corn_monthly_rku,soybeans_monthly_rku,corn_weekly_tru,soybeans_monthly_rv,wheat_weekly_jumps,soybeans_weekly_rsk",1.2405217284543715e-05,0.002304620879059435,-3.182976646553045,0.444241675632551,0.5282200981835984,1.7403996153177164e-05,0.0028989916099304604,-3.1954681803458924,0.19425056060533497,0.24395172901080642,wheat_weekly_rv,RV_target,4,"wheat_weekly_rv,wheat_monthly_rv,wheat_seasonal_rv","wheat_monthly_jumps,wheat_monthly_lev,wheat_monthly_rku,wheat_monthly_rsk,wheat_monthly_rvb,wheat_monthly_rvg,wheat_monthly_trd,wheat_monthly_tru,wheat_seasonal_jumps,wheat_seasonal_lev,wheat_seasonal_rku,wheat_seasonal_rsk,wheat_seasonal_rvb,wheat_seasonal_rvg,wheat_seasonal_trd,wheat_seasonal_tru,wheat_weekly_jumps,wheat_weekly_lev,wheat_weekly_rku,wheat_weekly_rsk,wheat_weekly_rvb,wheat_weekly_rvg,wheat_weekly_trd,wheat_weekly_tru,corn_monthly_jumps,corn_monthly_lev,corn_monthly_rku,corn_monthly_rsk,corn_monthly_rv,corn_monthly_rvb,corn_monthly_rvg,corn_monthly_trd,corn_monthly_tru,corn_seasonal_jumps,corn_seasonal_lev,corn_seasonal_rku,corn_seasonal_rsk,corn_seasonal_rv,corn_seasonal_rvb,corn_seasonal_rvg,corn_seasonal_trd,corn_seasonal_tru,corn_weekly_jumps,corn_weekly_lev,corn_weekly_rku,corn_weekly_rsk,corn_weekly_rv,corn_weekly_rvb,corn_weekly_rvg,corn_weekly_trd,corn_weekly_tru,soybeans_monthly_jumps,soybeans_monthly_lev,soybeans_monthly_rku,soybeans_monthly_rsk,soybeans_monthly_rv,soybeans_monthly_rvb,soybeans_monthly_rvg,soybeans_monthly_trd,soybeans_monthly_tru,soybeans_seasonal_jumps,soybeans_seasonal_lev,soybeans_seasonal_rku,soybeans_seasonal_rsk,soybeans_seasonal_rv,soybeans_seasonal_rvb,soybeans_seasonal_rvg,soybeans_seasonal_trd,soybeans_seasonal_tru,soybeans_weekly_jumps,soybeans_weekly_lev,soybeans_weekly_rku,soybeans_weekly_rsk,soybeans_weekly_rv,soybeans_weekly_rvb,soybeans_weekly_rvg,soybeans_weekly_trd,soybeans_weekly_tru,ssta_elino,ssta_lanina,dry,wet,SOI_index,NAO_index,Text_Climate_Anomaly,frbsf_sentiment,epu_entitlement,epu_financial_reg,epu_fiscal,epu_govt_spending,epu_healthcare,epu_index,epu_monetary,epu_national_security,epu_overall,epu_regulation,epu_sovereign_debt,epu_taxes,epu_trade",expanding,104,1,1,,724,bsr,True,False,log,1e-10,True,1e-10,25,5.0,,0.05,full,,1.0
bsr_rolling,har,3,"wheat_weekly_rv,wheat_monthly_rv,wheat_seasonal_rv",1.3948095359258766e-05,0.002449264225912681,-3.180721946022579,0.3751201670092982,0.4727947310528863,1.5110109460295877e-05,0.0025733072036623,-3.1999927701067854,0.3004501885848301,0.38531953657160156,wheat_weekly_rv,RV_target,4,"wheat_weekly_rv,wheat_monthly_rv,wheat_seasonal_rv",,rolling,104,1,1,104.0,724,bsr,True,False,log,1e-10,True,1e-10,25,5.0,,0.05,full,104.0,1.0
bsr_rolling,har_endo_exogenous_climate_news,100,"wheat_weekly_rv,wheat_monthly_rv,wheat_seasonal_rv,epu_monetary,wheat_seasonal_rsk,Text_Climate_Anomaly,frbsf_sentiment,wheat_weekly_rvg,wheat_weekly_tru,soybeans_weekly_rku,wheat_seasonal_lev,corn_seasonal_lev,soybeans_weekly_rvg,soybeans_weekly_tru,corn_monthly_tru,wheat_monthly_tru,corn_monthly_jumps,soybeans_weekly_rv,corn_weekly_rv,corn_weekly_rvg,corn_monthly_lev,wheat_weekly_rvb,corn_monthly_rv,ssta_elino,corn_seasonal_rsk,wheat_monthly_rvg,corn_monthly_rvg,corn_monthly_rvb,wheat_monthly_jumps,epu_govt_spending,corn_weekly_rvb,wheat_monthly_rvb,wheat_seasonal_rvb,soybeans_weekly_rsk,wheat_monthly_rsk,soybeans_weekly_lev,wheat_weekly_trd,soybeans_seasonal_rv,wheat_seasonal_tru,soybeans_monthly_lev,soybeans_monthly_rvb,corn_weekly_jumps,epu_taxes,soybeans_monthly_trd,soybeans_monthly_rvg,soybeans_monthly_tru,soybeans_weekly_rvb,soybeans_seasonal_jumps,NAO_index,SOI_index,wet,epu_financial_reg,soybeans_seasonal_rvb,soybeans_monthly_rsk,soybeans_seasonal_trd,soybeans_seasonal_rvg,soybeans_seasonal_tru,soybeans_monthly_rv,wheat_seasonal_rvg,corn_monthly_trd,corn_seasonal_tru,corn_seasonal_jumps,wheat_seasonal_jumps,corn_seasonal_trd,corn_seasonal_rv,corn_monthly_rku,corn_seasonal_rvb,corn_seasonal_rku,soybeans_monthly_rku,soybeans_seasonal_rku,epu_sovereign_debt,epu_regulation,wheat_seasonal_rku,soybeans_weekly_jumps,soybeans_monthly_jumps,ssta_lanina,corn_seasonal_rvg,wheat_monthly_trd,wheat_weekly_rsk,epu_entitlement,wheat_seasonal_trd,corn_weekly_trd,epu_national_security,epu_trade,soybeans_seasonal_rsk,soybeans_seasonal_lev,wheat_weekly_lev,epu_healthcare,wheat_weekly_rku,epu_overall,epu_fiscal,epu_index,wheat_weekly_jumps,corn_weekly_rsk,corn_weekly_tru,corn_monthly_rsk,soybeans_weekly_trd,wheat_monthly_rku,wheat_monthly_lev,corn_weekly_rku",6.1088719279349e-06,0.0016019942684850064,-3.1928721147270194,0.7263202773018317,0.7722409243490377,3.47557359925241e-05,0.0029568300417408214,-3.192736274067282,-0.6090795783480434,0.18936400755425642,wheat_weekly_rv,RV_target,4,"wheat_weekly_rv,wheat_monthly_rv,wheat_seasonal_rv","wheat_monthly_jumps,wheat_monthly_lev,wheat_monthly_rku,wheat_monthly_rsk,wheat_monthly_rvb,wheat_monthly_rvg,wheat_monthly_trd,wheat_monthly_tru,wheat_seasonal_jumps,wheat_seasonal_lev,wheat_seasonal_rku,wheat_seasonal_rsk,wheat_seasonal_rvb,wheat_seasonal_rvg,wheat_seasonal_trd,wheat_seasonal_tru,wheat_weekly_jumps,wheat_weekly_lev,wheat_weekly_rku,wheat_weekly_rsk,wheat_weekly_rvb,wheat_weekly_rvg,wheat_weekly_trd,wheat_weekly_tru,corn_monthly_jumps,corn_monthly_lev,corn_monthly_rku,corn_monthly_rsk,corn_monthly_rv,corn_monthly_rvb,corn_monthly_rvg,corn_monthly_trd,corn_monthly_tru,corn_seasonal_jumps,corn_seasonal_lev,corn_seasonal_rku,corn_seasonal_rsk,corn_seasonal_rv,corn_seasonal_rvb,corn_seasonal_rvg,corn_seasonal_trd,corn_seasonal_tru,corn_weekly_jumps,corn_weekly_lev,corn_weekly_rku,corn_weekly_rsk,corn_weekly_rv,corn_weekly_rvb,corn_weekly_rvg,corn_weekly_trd,corn_weekly_tru,soybeans_monthly_jumps,soybeans_monthly_lev,soybeans_monthly_rku,soybeans_monthly_rsk,soybeans_monthly_rv,soybeans_monthly_rvb,soybeans_monthly_rvg,soybeans_monthly_trd,soybeans_monthly_tru,soybeans_seasonal_jumps,soybeans_seasonal_lev,soybeans_seasonal_rku,soybeans_seasonal_rsk,soybeans_seasonal_rv,soybeans_seasonal_rvb,soybeans_seasonal_rvg,soybeans_seasonal_trd,soybeans_seasonal_tru,soybeans_weekly_jumps,soybeans_weekly_lev,soybeans_weekly_rku,soybeans_weekly_rsk,soybeans_weekly_rv,soybeans_weekly_rvb,soybeans_weekly_rvg,soybeans_weekly_trd,soybeans_weekly_tru,ssta_elino,ssta_lanina,dry,wet,SOI_index,NAO_index,Text_Climate_Anomaly,frbsf_sentiment,epu_entitlement,epu_financial_reg,epu_fiscal,epu_govt_spending,epu_healthcare,epu_index,epu_monetary,epu_national_security,epu_overall,epu_regulation,epu_sovereign_debt,epu_taxes,epu_trade",rolling,104,1,1,104.0,724,bsr,True,False,log,1e-10,True,1e-10,25,5.0,,0.05,full,104.0,1.0
bsr_rolling,har_endo,27,"wheat_weekly_rv,wheat_monthly_rv,wheat_seasonal_rv,wheat_monthly_rku,wheat_monthly_rvg,wheat_monthly_trd,wheat_monthly_tru,wheat_seasonal_lev,wheat_seasonal_rsk,wheat_monthly_jumps,wheat_monthly_rvb,wheat_seasonal_rvb,wheat_seasonal_rvg,wheat_seasonal_trd,wheat_seasonal_tru,wheat_weekly_lev,wheat_weekly_rvb,wheat_weekly_jumps,wheat_seasonal_jumps,wheat_seasonal_rku,wheat_weekly_rku,wheat_monthly_rsk,wheat_monthly_lev,wheat_weekly_rsk,wheat_weekly_trd,wheat_weekly_tru,wheat_weekly_rvg",8.168597817484935e-06,0.0018252813812664728,-3.1902197563435633,0.6340437953365514,0.7057605850510213,4.944942112514917e-05,0.003404034374564394,-3.147296891668172,-1.2893502733109954,-0.33776872214988374,wheat_weekly_rv,RV_target,4,"wheat_weekly_rv,wheat_monthly_rv,wheat_seasonal_rv","wheat_monthly_jumps,wheat_monthly_lev,wheat_monthly_rku,wheat_monthly_rsk,wheat_monthly_rvb,wheat_monthly_rvg,wheat_monthly_trd,wheat_monthly_tru,wheat_seasonal_jumps,wheat_seasonal_lev,wheat_seasonal_rku,wheat_seasonal_rsk,wheat_seasonal_rvb,wheat_seasonal_rvg,wheat_seasonal_trd,wheat_seasonal_tru,wheat_weekly_jumps,wheat_weekly_lev,wheat_weekly_rku,wheat_weekly_rsk,wheat_weekly_rvb,wheat_weekly_rvg,wheat_weekly_trd,wheat_weekly_tru",rolling,104,1,1,104.0,724,bsr,True,False,log,1e-10,True,1e-10,25,5.0,,0.05,full,104.0,1.0
bsr_rolling,har__all,93,"wheat_weekly_rv,wheat_monthly_rv,wheat_seasonal_rv,ssta_elino,wheat_seasonal_rsk,frbsf_sentiment,epu_monetary,wheat_monthly_jumps,wheat_seasonal_lev,soybeans_weekly_rsk,corn_seasonal_lev,NAO_index,wheat_weekly_rvg,soybeans_weekly_rku,wheat_monthly_tru,epu_govt_spending,wheat_weekly_tru,corn_seasonal_rsk,soybeans_weekly_lev,wheat_weekly_rvb,corn_monthly_tru,epu_financial_reg,corn_weekly_rv,corn_monthly_rku,wet,corn_monthly_jumps,Text_Climate_Anomaly,soybeans_monthly_rku,corn_weekly_rvb,corn_weekly_trd,wheat_monthly_rvg,soybeans_seasonal_rv,epu_regulation,soybeans_seasonal_rvg,soybeans_seasonal_rvb,corn_monthly_rv,corn_monthly_trd,corn_monthly_rvb,corn_monthly_rvg,wheat_seasonal_jumps,wheat_seasonal_tru,corn_seasonal_tru,corn_seasonal_jumps,corn_seasonal_trd,corn_seasonal_rv,corn_seasonal_rvb,corn_seasonal_rku,soybeans_seasonal_rku,wheat_monthly_rku,DJIA_Index,wheat_seasonal_rku,wheat_seasonal_trd,wheat_monthly_rvb,wheat_seasonal_rvb,Broad_Dollar_index,wheat_monthly_trd,wheat_seasonal_rvg,epu_national_security,corn_weekly_rvg,epu_trade,epu_sovereign_debt,WTI_Index,soybeans_seasonal_jumps,soybeans_monthly_rv,soybeans_monthly_rvb,soybeans_monthly_trd,SOI_index,soybeans_seasonal_trd,soybeans_monthly_rvg,epu_healthcare,Stock_Uncertainty,epu_overall,epu_entitlement,epu_fiscal,epu_taxes,soybeans_weekly_rv,soybeans_weekly_rvg,soybeans_monthly_tru,soybeans_weekly_rvb,wheat_weekly_trd,wheat_weekly_jumps,corn_weekly_tru,soybeans_weekly_tru,soybeans_seasonal_rsk,soybeans_weekly_trd,soybeans_weekly_jumps,soybeans_seasonal_tru,soybeans_monthly_jumps,wheat_monthly_lev,wheat_monthly_rsk,soybeans_seasonal_lev,epu_index,corn_weekly_jumps",6.543121255248941e-06,0.0016868299318494493,-3.187708031654555,0.702413695601591,0.7500734147408891,6.1325181432933e-05,0.0031535067364461774,-3.193415537754754,-2.0135195740742815,0.037260481813215396,wheat_weekly_rv,RV_target,4,"wheat_weekly_rv,wheat_monthly_rv,wheat_seasonal_rv","wheat_monthly_jumps,wheat_monthly_lev,wheat_monthly_rku,wheat_monthly_rsk,wheat_monthly_rvb,wheat_monthly_rvg,wheat_monthly_trd,wheat_monthly_tru,wheat_seasonal_jumps,wheat_seasonal_lev,wheat_seasonal_rku,wheat_seasonal_rsk,wheat_seasonal_rvb,wheat_seasonal_rvg,wheat_seasonal_trd,wheat_seasonal_tru,wheat_weekly_jumps,wheat_weekly_lev,wheat_weekly_rku,wheat_weekly_rsk,wheat_weekly_rvb,wheat_weekly_rvg,wheat_weekly_trd,wheat_weekly_tru,corn_monthly_jumps,corn_monthly_lev,corn_monthly_rku,corn_monthly_rsk,corn_monthly_rv,corn_monthly_rvb,corn_monthly_rvg,corn_monthly_trd,corn_monthly_tru,corn_seasonal_jumps,corn_seasonal_lev,corn_seasonal_rku,corn_seasonal_rsk,corn_seasonal_rv,corn_seasonal_rvb,corn_seasonal_rvg,corn_seasonal_trd,corn_seasonal_tru,corn_weekly_jumps,corn_weekly_lev,corn_weekly_rku,corn_weekly_rsk,corn_weekly_rv,corn_weekly_rvb,corn_weekly_rvg,corn_weekly_trd,corn_weekly_tru,soybeans_monthly_jumps,soybeans_monthly_lev,soybeans_monthly_rku,soybeans_monthly_rsk,soybeans_monthly_rv,soybeans_monthly_rvb,soybeans_monthly_rvg,soybeans_monthly_trd,soybeans_monthly_tru,soybeans_seasonal_jumps,soybeans_seasonal_lev,soybeans_seasonal_rku,soybeans_seasonal_rsk,soybeans_seasonal_rv,soybeans_seasonal_rvb,soybeans_seasonal_rvg,soybeans_seasonal_trd,soybeans_seasonal_tru,soybeans_weekly_jumps,soybeans_weekly_lev,soybeans_weekly_rku,soybeans_weekly_rsk,soybeans_weekly_rv,soybeans_weekly_rvb,soybeans_weekly_rvg,soybeans_weekly_trd,soybeans_weekly_tru,ssta_elino,ssta_lanina,dry,wet,SOI_index,NAO_index,Text_Climate_Anomaly,frbsf_sentiment,epu_entitlement,epu_financial_reg,epu_fiscal,epu_govt_spending,epu_healthcare,epu_index,epu_monetary,epu_national_security,epu_overall,epu_regulation,epu_sovereign_debt,epu_taxes,epu_trade,DJIA_Index,WTI_Index,Broad_Dollar_index,Stock_Uncertainty",rolling,104,1,1,104.0,614,bsr,True,False,log,1e-10,True,1e-10,25,5.0,,0.05,full,104.0,1.0
bsr_rolling,har_endo_exogenous_climate,88,"wheat_weekly_rv,wheat_monthly_rv,wheat_seasonal_rv,wheat_weekly_rvg,SOI_index,corn_seasonal_lev,soybeans_weekly_rvg,soybeans_weekly_tru,soybeans_weekly_rv,corn_monthly_lev,corn_weekly_rvb,soybeans_weekly_rvb,soybeans_monthly_lev,soybeans_seasonal_jumps,soybeans_seasonal_rv,soybeans_monthly_tru,wheat_weekly_rsk,soybeans_seasonal_rvb,soybeans_seasonal_rvg,soybeans_seasonal_trd,soybeans_monthly_rvg,corn_seasonal_rvg,wheat_seasonal_rsk,wheat_monthly_tru,wheat_seasonal_lev,corn_monthly_tru,corn_monthly_rv,wheat_monthly_rvg,corn_weekly_rvg,wheat_weekly_rvb,corn_monthly_jumps,corn_monthly_trd,wheat_monthly_rsk,wheat_seasonal_trd,soybeans_seasonal_rsk,wheat_monthly_trd,NAO_index,corn_monthly_rvb,corn_monthly_rvg,wheat_seasonal_rvg,corn_weekly_trd,wheat_seasonal_tru,corn_seasonal_trd,corn_seasonal_rvb,corn_seasonal_tru,wheat_weekly_tru,wheat_seasonal_rvb,corn_seasonal_rsk,wheat_monthly_rvb,corn_seasonal_rku,soybeans_monthly_jumps,soybeans_seasonal_tru,ssta_elino,soybeans_weekly_rku,soybeans_monthly_rvb,soybeans_monthly_trd,soybeans_monthly_rsk,soybeans_weekly_rsk,wheat_monthly_rku,corn_seasonal_jumps,wheat_seasonal_jumps,corn_monthly_rku,wet,corn_seasonal_rv,corn_weekly_tru,wheat_monthly_jumps,wheat_seasonal_rku,Text_Climate_Anomaly,wheat_weekly_trd,corn_weekly_rku,soybeans_monthly_rku,wheat_monthly_lev,dry,wheat_weekly_jumps,soybeans_seasonal_rku,corn_weekly_rv,soybeans_seasonal_lev,wheat_weekly_rku,wheat_weekly_lev,ssta_lanina,corn_weekly_lev,corn_monthly_rsk,soybeans_weekly_lev,soybeans_weekly_trd,soybeans_monthly_rv,corn_weekly_rsk,corn_weekly_jumps,soybeans_weekly_jumps",6.522317415969897e-06,0.001627251750800298,-3.1924821860915387,0.7077977664600505,0.7635462809444666,0.012860210362688416,0.007652242355325876,-3.183293975208981,-594.3866686153003,-0.4534171651433503,wheat_weekly_rv,RV_target,4,"wheat_weekly_rv,wheat_monthly_rv,wheat_seasonal_rv","wheat_monthly_jumps,wheat_monthly_lev,wheat_monthly_rku,wheat_monthly_rsk,wheat_monthly_rvb,wheat_monthly_rvg,wheat_monthly_trd,wheat_monthly_tru,wheat_seasonal_jumps,wheat_seasonal_lev,wheat_seasonal_rku,wheat_seasonal_rsk,wheat_seasonal_rvb,wheat_seasonal_rvg,wheat_seasonal_trd,wheat_seasonal_tru,wheat_weekly_jumps,wheat_weekly_lev,wheat_weekly_rku,wheat_weekly_rsk,wheat_weekly_rvb,wheat_weekly_rvg,wheat_weekly_trd,wheat_weekly_tru,corn_monthly_jumps,corn_monthly_lev,corn_monthly_rku,corn_monthly_rsk,corn_monthly_rv,corn_monthly_rvb,corn_monthly_rvg,corn_monthly_trd,corn_monthly_tru,corn_seasonal_jumps,corn_seasonal_lev,corn_seasonal_rku,corn_seasonal_rsk,corn_seasonal_rv,corn_seasonal_rvb,corn_seasonal_rvg,corn_seasonal_trd,corn_seasonal_tru,corn_weekly_jumps,corn_weekly_lev,corn_weekly_rku,corn_weekly_rsk,corn_weekly_rv,corn_weekly_rvb,corn_weekly_rvg,corn_weekly_trd,corn_weekly_tru,soybeans_monthly_jumps,soybeans_monthly_lev,soybeans_monthly_rku,soybeans_monthly_rsk,soybeans_monthly_rv,soybeans_monthly_rvb,soybeans_monthly_rvg,soybeans_monthly_trd,soybeans_monthly_tru,soybeans_seasonal_jumps,soybeans_seasonal_lev,soybeans_seasonal_rku,soybeans_seasonal_rsk,soybeans_seasonal_rv,soybeans_seasonal_rvb,soybeans_seasonal_rvg,soybeans_seasonal_trd,soybeans_seasonal_tru,soybeans_weekly_jumps,soybeans_weekly_lev,soybeans_weekly_rku,soybeans_weekly_rsk,soybeans_weekly_rv,soybeans_weekly_rvb,soybeans_weekly_rvg,soybeans_weekly_trd,soybeans_weekly_tru,ssta_elino,ssta_lanina,dry,wet,SOI_index,NAO_index,Text_Climate_Anomaly",rolling,104,1,1,104.0,724,bsr,True,False,log,1e-10,True,1e-10,25,5.0,,0.05,full,104.0,1.0
bsr_rolling,har_endo_exo,81,"wheat_weekly_rv,wheat_monthly_rv,wheat_seasonal_rv,wheat_seasonal_rsk,corn_seasonal_lev,soybeans_weekly_rvg,wheat_monthly_tru,corn_monthly_jumps,soybeans_weekly_rv,corn_monthly_rv,soybeans_weekly_rvb,corn_monthly_rvg,soybeans_monthly_lev,soybeans_seasonal_jumps,wheat_monthly_rku,soybeans_seasonal_rv,soybeans_monthly_tru,wheat_monthly_rvb,soybeans_seasonal_rvb,wheat_seasonal_trd,soybeans_seasonal_rvg,corn_monthly_tru,wheat_monthly_rvg,wheat_weekly_rvb,corn_weekly_tru,wheat_monthly_rsk,corn_seasonal_rku,soybeans_weekly_trd,wheat_seasonal_tru,wheat_monthly_trd,soybeans_seasonal_rsk,soybeans_monthly_rvb,corn_seasonal_trd,wheat_seasonal_lev,wheat_weekly_rvg,wheat_weekly_tru,corn_seasonal_rsk,wheat_seasonal_rvb,corn_weekly_rvb,corn_weekly_rvg,wheat_seasonal_rvg,wheat_monthly_lev,soybeans_weekly_tru,wheat_weekly_trd,wheat_seasonal_rku,corn_weekly_rsk,soybeans_seasonal_lev,wheat_monthly_jumps,soybeans_seasonal_trd,corn_weekly_trd,soybeans_monthly_rvg,soybeans_monthly_rsk,corn_seasonal_jumps,corn_seasonal_tru,corn_seasonal_rvg,soybeans_weekly_rku,corn_monthly_trd,corn_weekly_rv,corn_monthly_rvb,wheat_seasonal_jumps,corn_seasonal_rv,corn_seasonal_rvb,soybeans_monthly_rku,soybeans_seasonal_rku,wheat_weekly_jumps,wheat_weekly_rku,soybeans_monthly_trd,soybeans_monthly_rv,wheat_weekly_lev,wheat_weekly_rsk,soybeans_weekly_lev,corn_weekly_lev,soybeans_seasonal_tru,soybeans_monthly_jumps,corn_monthly_rku,corn_monthly_rsk,soybeans_weekly_jumps,corn_weekly_jumps,corn_monthly_lev,corn_weekly_rku,soybeans_weekly_rsk",6.297744556177143e-06,0.0016203049492787354,-3.192591786972493,0.7178587136723442,0.7657121537297641,0.5212276186307964,0.03088373799045802,-3.179379053497828,-24130.174117279483,-1.0280566720870503,wheat_weekly_rv,RV_target,4,"wheat_weekly_rv,wheat_monthly_rv,wheat_seasonal_rv","wheat_monthly_jumps,wheat_monthly_lev,wheat_monthly_rku,wheat_monthly_rsk,wheat_monthly_rvb,wheat_monthly_rvg,wheat_monthly_trd,wheat_monthly_tru,wheat_seasonal_jumps,wheat_seasonal_lev,wheat_seasonal_rku,wheat_seasonal_rsk,wheat_seasonal_rvb,wheat_seasonal_rvg,wheat_seasonal_trd,wheat_seasonal_tru,wheat_weekly_jumps,wheat_weekly_lev,wheat_weekly_rku,wheat_weekly_rsk,wheat_weekly_rvb,wheat_weekly_rvg,wheat_weekly_trd,wheat_weekly_tru,corn_monthly_jumps,corn_monthly_lev,corn_monthly_rku,corn_monthly_rsk,corn_monthly_rv,corn_monthly_rvb,corn_monthly_rvg,corn_monthly_trd,corn_monthly_tru,corn_seasonal_jumps,corn_seasonal_lev,corn_seasonal_rku,corn_seasonal_rsk,corn_seasonal_rv,corn_seasonal_rvb,corn_seasonal_rvg,corn_seasonal_trd,corn_seasonal_tru,corn_weekly_jumps,corn_weekly_lev,corn_weekly_rku,corn_weekly_rsk,corn_weekly_rv,corn_weekly_rvb,corn_weekly_rvg,corn_weekly_trd,corn_weekly_tru,soybeans_monthly_jumps,soybeans_monthly_lev,soybeans_monthly_rku,soybeans_monthly_rsk,soybeans_monthly_rv,soybeans_monthly_rvb,soybeans_monthly_rvg,soybeans_monthly_trd,soybeans_monthly_tru,soybeans_seasonal_jumps,soybeans_seasonal_lev,soybeans_seasonal_rku,soybeans_seasonal_rsk,soybeans_seasonal_rv,soybeans_seasonal_rvb,soybeans_seasonal_rvg,soybeans_seasonal_trd,soybeans_seasonal_tru,soybeans_weekly_jumps,soybeans_weekly_lev,soybeans_weekly_rku,soybeans_weekly_rsk,soybeans_weekly_rv,soybeans_weekly_rvb,soybeans_weekly_rvg,soybeans_weekly_trd,soybeans_weekly_tru",rolling,104,1,1,104.0,724,bsr,True,False,log,1e-10,True,1e-10,25,5.0,,0.05,full,104.0,1.0
lasso_expanding,har,3,"wheat_monthly_rv,wheat_seasonal_rv,wheat_weekly_rv",1.5604018435317436e-05,0.002603792709629849,-3.1775315987399964,0.30093420049838526,0.3988406241602209,1.505694408002843e-05,0.0026070694086478886,-3.199744538175434,0.3029115758989084,0.37980997552792917,wheat_weekly_rv,RV_target,4,"wheat_weekly_rv,wheat_monthly_rv,wheat_seasonal_rv",,expanding,104,1,1,,724,lasso,True,True,log,1e-10,True,1e-10,25,5.0,2.5711488857622805e-06,,,,
lasso_expanding,har_endo_exogenous_climate_news,30,"wheat_monthly_rv,wheat_seasonal_rv,wheat_weekly_rv,corn_weekly_rv,soybeans_weekly_rku,wet,wheat_monthly_jumps,wheat_monthly_tru,wheat_seasonal_rsk,frbsf_sentiment,soybeans_seasonal_rku,epu_financial_reg,wheat_seasonal_rvb,wheat_seasonal_jumps,epu_trade,SOI_index,corn_weekly_rvb,epu_national_security,soybeans_monthly_jumps,soybeans_seasonal_rsk,ssta_elino,soybeans_seasonal_lev,soybeans_weekly_rvg,ssta_lanina,wheat_seasonal_lev,wheat_seasonal_trd,corn_seasonal_jumps,soybeans_weekly_lev,soybeans_monthly_lev,Text_Climate_Anomaly",1.4687169079536425e-05,0.0025229314346458397,-3.1791920011016375,0.34200939087825066,0.43618455574447423,1.51815357541381e-05,0.0026227256914760234,-3.1992561793486325,0.2971433792914424,0.363427596284409,wheat_weekly_rv,RV_target,4,"wheat_weekly_rv,wheat_monthly_rv,wheat_seasonal_rv","wheat_monthly_jumps,wheat_monthly_lev,wheat_monthly_rku,wheat_monthly_rsk,wheat_monthly_rvb,wheat_monthly_rvg,wheat_monthly_trd,wheat_monthly_tru,wheat_seasonal_jumps,wheat_seasonal_lev,wheat_seasonal_rku,wheat_seasonal_rsk,wheat_seasonal_rvb,wheat_seasonal_rvg,wheat_seasonal_trd,wheat_seasonal_tru,wheat_weekly_jumps,wheat_weekly_lev,wheat_weekly_rku,wheat_weekly_rsk,wheat_weekly_rvb,wheat_weekly_rvg,wheat_weekly_trd,wheat_weekly_tru,corn_monthly_jumps,corn_monthly_lev,corn_monthly_rku,corn_monthly_rsk,corn_monthly_rv,corn_monthly_rvb,corn_monthly_rvg,corn_monthly_trd,corn_monthly_tru,corn_seasonal_jumps,corn_seasonal_lev,corn_seasonal_rku,corn_seasonal_rsk,corn_seasonal_rv,corn_seasonal_rvb,corn_seasonal_rvg,corn_seasonal_trd,corn_seasonal_tru,corn_weekly_jumps,corn_weekly_lev,corn_weekly_rku,corn_weekly_rsk,corn_weekly_rv,corn_weekly_rvb,corn_weekly_rvg,corn_weekly_trd,corn_weekly_tru,soybeans_monthly_jumps,soybeans_monthly_lev,soybeans_monthly_rku,soybeans_monthly_rsk,soybeans_monthly_rv,soybeans_monthly_rvb,soybeans_monthly_rvg,soybeans_monthly_trd,soybeans_monthly_tru,soybeans_seasonal_jumps,soybeans_seasonal_lev,soybeans_seasonal_rku,soybeans_seasonal_rsk,soybeans_seasonal_rv,soybeans_seasonal_rvb,soybeans_seasonal_rvg,soybeans_seasonal_trd,soybeans_seasonal_tru,soybeans_weekly_jumps,soybeans_weekly_lev,soybeans_weekly_rku,soybeans_weekly_rsk,soybeans_weekly_rv,soybeans_weekly_rvb,soybeans_weekly_rvg,soybeans_weekly_trd,soybeans_weekly_tru,ssta_elino,ssta_lanina,dry,wet,SOI_index,NAO_index,Text_Climate_Anomaly,frbsf_sentiment,epu_entitlement,epu_financial_reg,epu_fiscal,epu_govt_spending,epu_healthcare,epu_index,epu_monetary,epu_national_security,epu_overall,epu_regulation,epu_sovereign_debt,epu_taxes,epu_trade",expanding,104,1,1,,724,lasso,True,True,log,1e-10,True,1e-10,25,5.0,0.00031698325204321275,,,,
lasso_expanding,har_endo_exo,44,"wheat_monthly_rv,wheat_seasonal_rv,wheat_weekly_rv,corn_weekly_rv,soybeans_weekly_rku,wheat_monthly_jumps,wheat_monthly_tru,wheat_seasonal_rsk,soybeans_seasonal_rku,soybeans_weekly_rsk,corn_monthly_rsk,corn_monthly_rv,corn_weekly_jumps,corn_weekly_rku,corn_weekly_rsk,soybeans_monthly_rku,soybeans_monthly_rsk,soybeans_monthly_trd,soybeans_weekly_jumps,soybeans_weekly_trd,wheat_monthly_trd,wheat_weekly_rku,soybeans_seasonal_rsk,wheat_seasonal_rvb,wheat_weekly_rsk,wheat_seasonal_jumps,corn_weekly_rvb,soybeans_seasonal_lev,soybeans_seasonal_rv,wheat_weekly_trd,soybeans_weekly_rv,corn_seasonal_rv,soybeans_seasonal_tru,wheat_seasonal_rku,soybeans_monthly_jumps,corn_seasonal_jumps,corn_seasonal_rku,wheat_seasonal_lev,soybeans_weekly_rvg,corn_monthly_lev,corn_seasonal_rsk,soybeans_weekly_lev,soybeans_monthly_lev,wheat_monthly_lev",1.435744162677732e-05,0.002480298844473745,-3.1796886397700077,0.3567813027633949,0.4473760071069368,1.5288839864826286e-05,0.0026224829658565425,-3.19906975631325,0.2921755416597406,0.36145378206117074,wheat_weekly_rv,RV_target,4,"wheat_weekly_rv,wheat_monthly_rv,wheat_seasonal_rv","wheat_monthly_jumps,wheat_monthly_lev,wheat_monthly_rku,wheat_monthly_rsk,wheat_monthly_rvb,wheat_monthly_rvg,wheat_monthly_trd,wheat_monthly_tru,wheat_seasonal_jumps,wheat_seasonal_lev,wheat_seasonal_rku,wheat_seasonal_rsk,wheat_seasonal_rvb,wheat_seasonal_rvg,wheat_seasonal_trd,wheat_seasonal_tru,wheat_weekly_jumps,wheat_weekly_lev,wheat_weekly_rku,wheat_weekly_rsk,wheat_weekly_rvb,wheat_weekly_rvg,wheat_weekly_trd,wheat_weekly_tru,corn_monthly_jumps,corn_monthly_lev,corn_monthly_rku,corn_monthly_rsk,corn_monthly_rv,corn_monthly_rvb,corn_monthly_rvg,corn_monthly_trd,corn_monthly_tru,corn_seasonal_jumps,corn_seasonal_lev,corn_seasonal_rku,corn_seasonal_rsk,corn_seasonal_rv,corn_seasonal_rvb,corn_seasonal_rvg,corn_seasonal_trd,corn_seasonal_tru,corn_weekly_jumps,corn_weekly_lev,corn_weekly_rku,corn_weekly_rsk,corn_weekly_rv,corn_weekly_rvb,corn_weekly_rvg,corn_weekly_trd,corn_weekly_tru,soybeans_monthly_jumps,soybeans_monthly_lev,soybeans_monthly_rku,soybeans_monthly_rsk,soybeans_monthly_rv,soybeans_monthly_rvb,soybeans_monthly_rvg,soybeans_monthly_trd,soybeans_monthly_tru,soybeans_seasonal_jumps,soybeans_seasonal_lev,soybeans_seasonal_rku,soybeans_seasonal_rsk,soybeans_seasonal_rv,soybeans_seasonal_rvb,soybeans_seasonal_rvg,soybeans_seasonal_trd,soybeans_seasonal_tru,soybeans_weekly_jumps,soybeans_weekly_lev,soybeans_weekly_rku,soybeans_weekly_rsk,soybeans_weekly_rv,soybeans_weekly_rvb,soybeans_weekly_rvg,soybeans_weekly_trd,soybeans_weekly_tru",expanding,104,1,1,,724,lasso,True,True,log,1e-10,True,1e-10,25,5.0,0.00020855381317923366,,,,
lasso_expanding,har__all,31,"wheat_monthly_rv,wheat_seasonal_rv,wheat_weekly_rv,corn_weekly_rv,epu_financial_reg,soybeans_weekly_rku,wet,wheat_monthly_jumps,wheat_seasonal_rsk,soybeans_seasonal_rku,soybeans_weekly_rsk,ssta_elino,corn_monthly_rv,frbsf_sentiment,wheat_monthly_tru,DJIA_Index,wheat_seasonal_rvb,WTI_Index,wheat_seasonal_lev,wheat_seasonal_jumps,soybeans_weekly_tru,soybeans_weekly_rvg,SOI_index,soybeans_seasonal_lev,soybeans_seasonal_rsk,ssta_lanina,corn_seasonal_jumps,epu_govt_spending,Text_Climate_Anomaly,dry,soybeans_monthly_lev",1.3974300297197909e-05,0.002463474134944141,-3.1759942196736204,0.36443782412549863,0.4531045122103686,1.529986253255705e-05,0.002593361694294448,-3.20289032551154,0.24816471561637832,0.31963478631678643,wheat_weekly_rv,RV_target,4,"wheat_weekly_rv,wheat_monthly_rv,wheat_seasonal_rv","wheat_monthly_jumps,wheat_monthly_lev,wheat_monthly_rku,wheat_monthly_rsk,wheat_monthly_rvb,wheat_monthly_rvg,wheat_monthly_trd,wheat_monthly_tru,wheat_seasonal_jumps,wheat_seasonal_lev,wheat_seasonal_rku,wheat_seasonal_rsk,wheat_seasonal_rvb,wheat_seasonal_rvg,wheat_seasonal_trd,wheat_seasonal_tru,wheat_weekly_jumps,wheat_weekly_lev,wheat_weekly_rku,wheat_weekly_rsk,wheat_weekly_rvb,wheat_weekly_rvg,wheat_weekly_trd,wheat_weekly_tru,corn_monthly_jumps,corn_monthly_lev,corn_monthly_rku,corn_monthly_rsk,corn_monthly_rv,corn_monthly_rvb,corn_monthly_rvg,corn_monthly_trd,corn_monthly_tru,corn_seasonal_jumps,corn_seasonal_lev,corn_seasonal_rku,corn_seasonal_rsk,corn_seasonal_rv,corn_seasonal_rvb,corn_seasonal_rvg,corn_seasonal_trd,corn_seasonal_tru,corn_weekly_jumps,corn_weekly_lev,corn_weekly_rku,corn_weekly_rsk,corn_weekly_rv,corn_weekly_rvb,corn_weekly_rvg,corn_weekly_trd,corn_weekly_tru,soybeans_monthly_jumps,soybeans_monthly_lev,soybeans_monthly_rku,soybeans_monthly_rsk,soybeans_monthly_rv,soybeans_monthly_rvb,soybeans_monthly_rvg,soybeans_monthly_trd,soybeans_monthly_tru,soybeans_seasonal_jumps,soybeans_seasonal_lev,soybeans_seasonal_rku,soybeans_seasonal_rsk,soybeans_seasonal_rv,soybeans_seasonal_rvb,soybeans_seasonal_rvg,soybeans_seasonal_trd,soybeans_seasonal_tru,soybeans_weekly_jumps,soybeans_weekly_lev,soybeans_weekly_rku,soybeans_weekly_rsk,soybeans_weekly_rv,soybeans_weekly_rvb,soybeans_weekly_rvg,soybeans_weekly_trd,soybeans_weekly_tru,ssta_elino,ssta_lanina,dry,wet,SOI_index,NAO_index,Text_Climate_Anomaly,frbsf_sentiment,epu_entitlement,epu_financial_reg,epu_fiscal,epu_govt_spending,epu_healthcare,epu_index,epu_monetary,epu_national_security,epu_overall,epu_regulation,epu_sovereign_debt,epu_taxes,epu_trade,DJIA_Index,WTI_Index,Broad_Dollar_index,Stock_Uncertainty",expanding,104,1,1,,614,lasso,True,True,log,1e-10,True,1e-10,25,5.0,0.00029019869689611067,,,,
lasso_expanding,har_endo,19,"wheat_monthly_rv,wheat_seasonal_rv,wheat_weekly_rv,wheat_seasonal_rsk,wheat_monthly_tru,wheat_monthly_jumps,wheat_seasonal_rku,wheat_seasonal_jumps,wheat_seasonal_lev,wheat_monthly_rku,wheat_seasonal_rvb,wheat_weekly_rsk,wheat_monthly_lev,wheat_weekly_trd,wheat_monthly_rsk,wheat_monthly_trd,wheat_weekly_rku,wheat_seasonal_tru,wheat_seasonal_trd",1.5211146897242357e-05,0.0025620900335581944,-3.178266405974323,0.31853499076945224,0.4162801273006468,1.535427132282613e-05,0.002628373280169258,-3.1991605537654415,0.28914627412036986,0.3632717881528785,wheat_weekly_rv,RV_target,4,"wheat_weekly_rv,wheat_monthly_rv,wheat_seasonal_rv","wheat_monthly_jumps,wheat_monthly_lev,wheat_monthly_rku,wheat_monthly_rsk,wheat_monthly_rvb,wheat_monthly_rvg,wheat_monthly_trd,wheat_monthly_tru,wheat_seasonal_jumps,wheat_seasonal_lev,wheat_seasonal_rku,wheat_seasonal_rsk,wheat_seasonal_rvb,wheat_seasonal_rvg,wheat_seasonal_trd,wheat_seasonal_tru,wheat_weekly_jumps,wheat_weekly_lev,wheat_weekly_rku,wheat_weekly_rsk,wheat_weekly_rvb,wheat_weekly_rvg,wheat_weekly_trd,wheat_weekly_tru",expanding,104,1,1,,724,lasso,True,True,log,1e-10,True,1e-10,25,5.0,0.00011934215957710131,,,,
lasso_expanding,har_endo_exogenous_climate,41,"wheat_monthly_rv,wheat_seasonal_rv,wheat_weekly_rv,corn_weekly_rv,soybeans_weekly_rku,ssta_elino,wet,wheat_monthly_jumps,wheat_monthly_tru,wheat_seasonal_rsk,soybeans_seasonal_rku,soybeans_weekly_rsk,corn_monthly_rv,soybeans_monthly_rsk,soybeans_seasonal_rsk,wheat_seasonal_rvb,SOI_index,wheat_seasonal_jumps,corn_weekly_rku,soybeans_monthly_jumps,soybeans_monthly_rku,wheat_monthly_rku,wheat_seasonal_rku,wheat_weekly_rsk,wheat_monthly_lev,corn_weekly_rvb,soybeans_seasonal_lev,wheat_weekly_trd,soybeans_seasonal_rv,wheat_seasonal_lev,soybeans_weekly_rvg,Text_Climate_Anomaly,ssta_lanina,wheat_monthly_trd,corn_weekly_jumps,NAO_index,wheat_weekly_rku,corn_seasonal_jumps,soybeans_weekly_lev,soybeans_monthly_lev,corn_monthly_rku",1.4121862199676842e-05,0.0024721127585486773,-3.180061288111115,0.3673353482635838,0.4553322458606254,1.571345978820018e-05,0.0026785028783902743,-3.1982688477948193,0.27251699530043993,0.3367656261165626,wheat_weekly_rv,RV_target,4,"wheat_weekly_rv,wheat_monthly_rv,wheat_seasonal_rv","wheat_monthly_jumps,wheat_monthly_lev,wheat_monthly_rku,wheat_monthly_rsk,wheat_monthly_rvb,wheat_monthly_rvg,wheat_monthly_trd,wheat_monthly_tru,wheat_seasonal_jumps,wheat_seasonal_lev,wheat_seasonal_rku,wheat_seasonal_rsk,wheat_seasonal_rvb,wheat_seasonal_rvg,wheat_seasonal_trd,wheat_seasonal_tru,wheat_weekly_jumps,wheat_weekly_lev,wheat_weekly_rku,wheat_weekly_rsk,wheat_weekly_rvb,wheat_weekly_rvg,wheat_weekly_trd,wheat_weekly_tru,corn_monthly_jumps,corn_monthly_lev,corn_monthly_rku,corn_monthly_rsk,corn_monthly_rv,corn_monthly_rvb,corn_monthly_rvg,corn_monthly_trd,corn_monthly_tru,corn_seasonal_jumps,corn_seasonal_lev,corn_seasonal_rku,corn_seasonal_rsk,corn_seasonal_rv,corn_seasonal_rvb,corn_seasonal_rvg,corn_seasonal_trd,corn_seasonal_tru,corn_weekly_jumps,corn_weekly_lev,corn_weekly_rku,corn_weekly_rsk,corn_weekly_rv,corn_weekly_rvb,corn_weekly_rvg,corn_weekly_trd,corn_weekly_tru,soybeans_monthly_jumps,soybeans_monthly_lev,soybeans_monthly_rku,soybeans_monthly_rsk,soybeans_monthly_rv,soybeans_monthly_rvb,soybeans_monthly_rvg,soybeans_monthly_trd,soybeans_monthly_tru,soybeans_seasonal_jumps,soybeans_seasonal_lev,soybeans_seasonal_rku,soybeans_seasonal_rsk,soybeans_seasonal_rv,soybeans_seasonal_rvb,soybeans_seasonal_rvg,soybeans_seasonal_trd,soybeans_seasonal_tru,soybeans_weekly_jumps,soybeans_weekly_lev,soybeans_weekly_rku,soybeans_weekly_rsk,soybeans_weekly_rv,soybeans_weekly_rvb,soybeans_weekly_rvg,soybeans_weekly_trd,soybeans_weekly_tru,ssta_elino,ssta_lanina,dry,wet,SOI_index,NAO_index,Text_Climate_Anomaly",expanding,104,1,1,,724,lasso,True,True,log,1e-10,True,1e-10,25,5.0,0.00020855381317923366,,,,
lasso_rolling,har,3,"wheat_monthly_rv,wheat_seasonal_rv,wheat_weekly_rv",1.3948095359258748e-05,0.0024492642259126875,-3.180721946022579,0.37512016700929907,0.47279473105288516,1.5110109460295772e-05,0.002573307203662302,-3.1999927701067854,0.30045018858483497,0.3853195365716069,wheat_weekly_rv,RV_target,4,"wheat_weekly_rv,wheat_monthly_rv,wheat_seasonal_rv",,rolling,104,1,1,104.0,724,lasso,True,True,log,1e-10,True,1e-10,25,5.0,0.0007034137866730486,,,,
lasso_rolling,har__all,91,"wheat_monthly_rv,wheat_seasonal_rv,wheat_weekly_rv,corn_monthly_jumps,soybeans_weekly_rku,corn_seasonal_rku,wet,corn_monthly_rv,corn_weekly_rv,epu_national_security,soybeans_seasonal_rku,DJIA_Index,NAO_index,corn_weekly_rvb,soybeans_monthly_rsk,soybeans_weekly_rsk,ssta_elino,epu_financial_reg,wheat_monthly_rvb,epu_sovereign_debt,wheat_seasonal_rvb,wheat_monthly_tru,frbsf_sentiment,wheat_seasonal_rku,WTI_Index,soybeans_seasonal_jumps,wheat_monthly_jumps,epu_index,wheat_weekly_rku,soybeans_monthly_lev,soybeans_weekly_trd,wheat_weekly_rvg,Broad_Dollar_index,soybeans_monthly_rvb,epu_monetary,SOI_index,Stock_Uncertainty,corn_seasonal_rvb,corn_seasonal_trd,epu_trade,wheat_monthly_rku,wheat_seasonal_trd,corn_seasonal_tru,soybeans_monthly_trd,corn_seasonal_rv,wheat_weekly_rsk,ssta_lanina,wheat_monthly_rsk,soybeans_seasonal_lev,corn_weekly_jumps,wheat_monthly_trd,wheat_seasonal_jumps,wheat_seasonal_lev,corn_seasonal_jumps,soybeans_weekly_jumps,soybeans_weekly_rv,epu_entitlement,soybeans_weekly_rvg,wheat_weekly_rvb,wheat_seasonal_rsk,wheat_weekly_tru,soybeans_monthly_rku,Text_Climate_Anomaly,epu_govt_spending,corn_monthly_lev,corn_monthly_rsk,corn_weekly_rvg,wheat_seasonal_tru,corn_weekly_rku,corn_monthly_rku,epu_taxes,wheat_weekly_jumps,soybeans_seasonal_rsk,epu_regulation,wheat_monthly_lev,wheat_monthly_rvg,corn_seasonal_rsk,soybeans_weekly_rvb,corn_seasonal_lev,soybeans_weekly_tru,corn_weekly_rsk,corn_weekly_trd,soybeans_monthly_rv,corn_weekly_tru,soybeans_seasonal_rv,corn_monthly_tru,epu_fiscal,soybeans_seasonal_trd,soybeans_monthly_rvg,epu_healthcare,soybeans_weekly_lev",9.464212497227692e-06,0.001970616474718886,-3.1839653313144365,0.5695601668955969,0.6555045115714864,1.8213514450049685e-05,0.0028311415515434933,-3.2014078304713576,0.10498785286211865,0.23294228865324174,wheat_weekly_rv,RV_target,4,"wheat_weekly_rv,wheat_monthly_rv,wheat_seasonal_rv","wheat_monthly_jumps,wheat_monthly_lev,wheat_monthly_rku,wheat_monthly_rsk,wheat_monthly_rvb,wheat_monthly_rvg,wheat_monthly_trd,wheat_monthly_tru,wheat_seasonal_jumps,wheat_seasonal_lev,wheat_seasonal_rku,wheat_seasonal_rsk,wheat_seasonal_rvb,wheat_seasonal_rvg,wheat_seasonal_trd,wheat_seasonal_tru,wheat_weekly_jumps,wheat_weekly_lev,wheat_weekly_rku,wheat_weekly_rsk,wheat_weekly_rvb,wheat_weekly_rvg,wheat_weekly_trd,wheat_weekly_tru,corn_monthly_jumps,corn_monthly_lev,corn_monthly_rku,corn_monthly_rsk,corn_monthly_rv,corn_monthly_rvb,corn_monthly_rvg,corn_monthly_trd,corn_monthly_tru,corn_seasonal_jumps,corn_seasonal_lev,corn_seasonal_rku,corn_seasonal_rsk,corn_seasonal_rv,corn_seasonal_rvb,corn_seasonal_rvg,corn_seasonal_trd,corn_seasonal_tru,corn_weekly_jumps,corn_weekly_lev,corn_weekly_rku,corn_weekly_rsk,corn_weekly_rv,corn_weekly_rvb,corn_weekly_rvg,corn_weekly_trd,corn_weekly_tru,soybeans_monthly_jumps,soybeans_monthly_lev,soybeans_monthly_rku,soybeans_monthly_rsk,soybeans_monthly_rv,soybeans_monthly_rvb,soybeans_monthly_rvg,soybeans_monthly_trd,soybeans_monthly_tru,soybeans_seasonal_jumps,soybeans_seasonal_lev,soybeans_seasonal_rku,soybeans_seasonal_rsk,soybeans_seasonal_rv,soybeans_seasonal_rvb,soybeans_seasonal_rvg,soybeans_seasonal_trd,soybeans_seasonal_tru,soybeans_weekly_jumps,soybeans_weekly_lev,soybeans_weekly_rku,soybeans_weekly_rsk,soybeans_weekly_rv,soybeans_weekly_rvb,soybeans_weekly_rvg,soybeans_weekly_trd,soybeans_weekly_tru,ssta_elino,ssta_lanina,dry,wet,SOI_index,NAO_index,Text_Climate_Anomaly,frbsf_sentiment,epu_entitlement,epu_financial_reg,epu_fiscal,epu_govt_spending,epu_healthcare,epu_index,epu_monetary,epu_national_security,epu_overall,epu_regulation,epu_sovereign_debt,epu_taxes,epu_trade,DJIA_Index,WTI_Index,Broad_Dollar_index,Stock_Uncertainty",rolling,104,1,1,104.0,614,lasso,True,True,log,1e-10,True,1e-10,25,5.0,0.00015226314001811836,,,,
lasso_rolling,har_endo_exogenous_climate_news,93,"wheat_monthly_rv,wheat_seasonal_rv,wheat_weekly_rv,corn_monthly_jumps,corn_monthly_rku,wet,soybeans_weekly_rku,corn_seasonal_rku,soybeans_seasonal_rku,corn_weekly_rv,epu_national_security,NAO_index,corn_weekly_rvb,epu_financial_reg,epu_trade,frbsf_sentiment,soybeans_seasonal_rsk,soybeans_weekly_rsk,soybeans_weekly_trd,ssta_elino,wheat_monthly_rvb,epu_sovereign_debt,soybeans_seasonal_jumps,wheat_monthly_rsk,wheat_seasonal_rku,wheat_weekly_rku,wheat_monthly_trd,corn_weekly_rvg,corn_seasonal_rsk,corn_weekly_lev,soybeans_seasonal_trd,wheat_weekly_lev,SOI_index,Text_Climate_Anomaly,corn_monthly_rv,corn_seasonal_rv,epu_monetary,soybeans_monthly_rvb,soybeans_monthly_trd,corn_seasonal_rvb,wheat_weekly_rvg,corn_seasonal_trd,ssta_lanina,wheat_monthly_lev,soybeans_weekly_tru,wheat_weekly_rsk,wheat_weekly_jumps,corn_monthly_lev,corn_weekly_jumps,wheat_monthly_rku,corn_seasonal_rvg,corn_seasonal_tru,soybeans_monthly_jumps,epu_entitlement,wheat_seasonal_rsk,wheat_weekly_rvb,wheat_seasonal_tru,epu_fiscal,epu_govt_spending,soybeans_seasonal_lev,soybeans_monthly_rku,soybeans_monthly_rsk,wheat_seasonal_lev,soybeans_weekly_rvg,epu_taxes,corn_monthly_rsk,wheat_monthly_tru,soybeans_monthly_lev,wheat_seasonal_jumps,corn_seasonal_jumps,wheat_monthly_jumps,corn_monthly_tru,epu_regulation,soybeans_weekly_rv,epu_index,corn_weekly_trd,wheat_weekly_tru,epu_healthcare,soybeans_weekly_jumps,corn_weekly_tru,wheat_seasonal_rvb,soybeans_seasonal_rv,soybeans_weekly_rvb,corn_weekly_rku,soybeans_weekly_lev,wheat_weekly_trd,corn_weekly_rsk,wheat_monthly_rvg,soybeans_monthly_rv,wheat_seasonal_rvg,wheat_seasonal_trd,soybeans_monthly_rvg,corn_seasonal_lev",8.749634350822217e-06,0.001929453136279369,-3.189068812084649,0.6080131436553322,0.6758276169583419,1.9795422366247865e-05,0.0028629535897202615,-3.1962900388803295,0.08353516434942032,0.2712428820742847,wheat_weekly_rv,RV_target,4,"wheat_weekly_rv,wheat_monthly_rv,wheat_seasonal_rv","wheat_monthly_jumps,wheat_monthly_lev,wheat_monthly_rku,wheat_monthly_rsk,wheat_monthly_rvb,wheat_monthly_rvg,wheat_monthly_trd,wheat_monthly_tru,wheat_seasonal_jumps,wheat_seasonal_lev,wheat_seasonal_rku,wheat_seasonal_rsk,wheat_seasonal_rvb,wheat_seasonal_rvg,wheat_seasonal_trd,wheat_seasonal_tru,wheat_weekly_jumps,wheat_weekly_lev,wheat_weekly_rku,wheat_weekly_rsk,wheat_weekly_rvb,wheat_weekly_rvg,wheat_weekly_trd,wheat_weekly_tru,corn_monthly_jumps,corn_monthly_lev,corn_monthly_rku,corn_monthly_rsk,corn_monthly_rv,corn_monthly_rvb,corn_monthly_rvg,corn_monthly_trd,corn_monthly_tru,corn_seasonal_jumps,corn_seasonal_lev,corn_seasonal_rku,corn_seasonal_rsk,corn_seasonal_rv,corn_seasonal_rvb,corn_seasonal_rvg,corn_seasonal_trd,corn_seasonal_tru,corn_weekly_jumps,corn_weekly_lev,corn_weekly_rku,corn_weekly_rsk,corn_weekly_rv,corn_weekly_rvb,corn_weekly_rvg,corn_weekly_trd,corn_weekly_tru,soybeans_monthly_jumps,soybeans_monthly_lev,soybeans_monthly_rku,soybeans_monthly_rsk,soybeans_monthly_rv,soybeans_monthly_rvb,soybeans_monthly_rvg,soybeans_monthly_trd,soybeans_monthly_tru,soybeans_seasonal_jumps,soybeans_seasonal_lev,soybeans_seasonal_rku,soybeans_seasonal_rsk,soybeans_seasonal_rv,soybeans_seasonal_rvb,soybeans_seasonal_rvg,soybeans_seasonal_trd,soybeans_seasonal_tru,soybeans_weekly_jumps,soybeans_weekly_lev,soybeans_weekly_rku,soybeans_weekly_rsk,soybeans_weekly_rv,soybeans_weekly_rvb,soybeans_weekly_rvg,soybeans_weekly_trd,soybeans_weekly_tru,ssta_elino,ssta_lanina,dry,wet,SOI_index,NAO_index,Text_Climate_Anomaly,frbsf_sentiment,epu_entitlement,epu_financial_reg,epu_fiscal,epu_govt_spending,epu_healthcare,epu_index,epu_monetary,epu_national_security,epu_overall,epu_regulation,epu_sovereign_debt,epu_taxes,epu_trade",rolling,104,1,1,104.0,724,lasso,True,True,log,1e-10,True,1e-10,25,5.0,8.319330734908989e-05,,,,
lasso_rolling,har_endo_exo,74,"wheat_monthly_rv,wheat_seasonal_rv,wheat_weekly_rv,corn_monthly_jumps,soybeans_weekly_rku,corn_monthly_rv,corn_seasonal_rku,corn_seasonal_trd,soybeans_seasonal_rku,corn_weekly_rv,soybeans_monthly_rsk,soybeans_weekly_rsk,wheat_monthly_rvb,wheat_monthly_tru,wheat_seasonal_rku,wheat_seasonal_rvb,wheat_seasonal_tru,soybeans_seasonal_rsk,corn_monthly_lev,corn_weekly_rvb,corn_weekly_rvg,soybeans_seasonal_jumps,wheat_weekly_lev,wheat_weekly_rvg,corn_seasonal_rv,corn_seasonal_rvb,soybeans_monthly_rku,soybeans_monthly_trd,wheat_monthly_rsk,corn_seasonal_rvg,soybeans_monthly_rvb,corn_seasonal_tru,wheat_monthly_trd,wheat_seasonal_rsk,wheat_weekly_rvb,wheat_seasonal_lev,corn_monthly_rsk,corn_seasonal_jumps,soybeans_seasonal_lev,soybeans_seasonal_rv,soybeans_weekly_rvg,wheat_weekly_jumps,wheat_weekly_rsk,corn_monthly_rku,wheat_monthly_rku,wheat_seasonal_jumps,wheat_weekly_rku,wheat_weekly_trd,wheat_weekly_tru,soybeans_monthly_lev,wheat_monthly_jumps,corn_weekly_jumps,soybeans_weekly_trd,wheat_monthly_lev,wheat_monthly_rvg,corn_weekly_rsk,soybeans_weekly_rv,corn_weekly_tru,soybeans_monthly_rv,corn_seasonal_rsk,corn_weekly_trd,soybeans_weekly_rvb,corn_weekly_rku,corn_monthly_tru,soybeans_weekly_jumps,soybeans_seasonal_rvg,corn_weekly_lev,soybeans_monthly_jumps,soybeans_monthly_rvg,wheat_seasonal_trd,corn_seasonal_lev,soybeans_seasonal_tru,soybeans_seasonal_trd,soybeans_weekly_lev",1.0340276862331905e-05,0.0020558602386365676,-3.1868088484142114,0.5367517705904934,0.6210993697874849,2.1965367525218254e-05,0.002865314061912492,-3.1953266300316527,-0.016926366437483242,0.24535164726326797,wheat_weekly_rv,RV_target,4,"wheat_weekly_rv,wheat_monthly_rv,wheat_seasonal_rv","wheat_monthly_jumps,wheat_monthly_lev,wheat_monthly_rku,wheat_monthly_rsk,wheat_monthly_rvb,wheat_monthly_rvg,wheat_monthly_trd,wheat_monthly_tru,wheat_seasonal_jumps,wheat_seasonal_lev,wheat_seasonal_rku,wheat_seasonal_rsk,wheat_seasonal_rvb,wheat_seasonal_rvg,wheat_seasonal_trd,wheat_seasonal_tru,wheat_weekly_jumps,wheat_weekly_lev,wheat_weekly_rku,wheat_weekly_rsk,wheat_weekly_rvb,wheat_weekly_rvg,wheat_weekly_trd,wheat_weekly_tru,corn_monthly_jumps,corn_monthly_lev,corn_monthly_rku,corn_monthly_rsk,corn_monthly_rv,corn_monthly_rvb,corn_monthly_rvg,corn_monthly_trd,corn_monthly_tru,corn_seasonal_jumps,corn_seasonal_lev,corn_seasonal_rku,corn_seasonal_rsk,corn_seasonal_rv,corn_seasonal_rvb,corn_seasonal_rvg,corn_seasonal_trd,corn_seasonal_tru,corn_weekly_jumps,corn_weekly_lev,corn_weekly_rku,corn_weekly_rsk,corn_weekly_rv,corn_weekly_rvb,corn_weekly_rvg,corn_weekly_trd,corn_weekly_tru,soybeans_monthly_jumps,soybeans_monthly_lev,soybeans_monthly_rku,soybeans_monthly_rsk,soybeans_monthly_rv,soybeans_monthly_rvb,soybeans_monthly_rvg,soybeans_monthly_trd,soybeans_monthly_tru,soybeans_seasonal_jumps,soybeans_seasonal_lev,soybeans_seasonal_rku,soybeans_seasonal_rsk,soybeans_seasonal_rv,soybeans_seasonal_rvb,soybeans_seasonal_rvg,soybeans_seasonal_trd,soybeans_seasonal_tru,soybeans_weekly_jumps,soybeans_weekly_lev,soybeans_weekly_rku,soybeans_weekly_rsk,soybeans_weekly_rv,soybeans_weekly_rvb,soybeans_weekly_rvg,soybeans_weekly_trd,soybeans_weekly_tru",rolling,104,1,1,104.0,724,lasso,True,True,log,1e-10,True,1e-10,25,5.0,0.00027242057493699216,,,,
lasso_rolling,har_endo_exogenous_climate,85,"wheat_monthly_rv,wheat_seasonal_rv,wheat_weekly_rv,wet,corn_monthly_jumps,corn_monthly_rku,soybeans_weekly_rku,corn_seasonal_rku,soybeans_seasonal_rku,corn_weekly_rv,NAO_index,soybeans_monthly_rsk,soybeans_weekly_rsk,ssta_elino,wheat_seasonal_rku,soybeans_seasonal_rsk,wheat_seasonal_tru,corn_monthly_lev,soybeans_monthly_lev,soybeans_seasonal_jumps,wheat_monthly_rsk,wheat_monthly_rvb,wheat_weekly_lev,wheat_weekly_rku,corn_seasonal_rsk,corn_weekly_lev,corn_weekly_rvg,soybeans_seasonal_lev,wheat_weekly_rvg,Text_Climate_Anomaly,corn_seasonal_lev,SOI_index,corn_seasonal_rv,corn_seasonal_rvb,soybeans_monthly_trd,ssta_lanina,soybeans_monthly_rvb,wheat_weekly_rsk,wheat_seasonal_trd,wheat_weekly_jumps,wheat_monthly_jumps,soybeans_weekly_tru,corn_seasonal_jumps,corn_weekly_jumps,wheat_monthly_trd,soybeans_monthly_rvg,wheat_monthly_rku,corn_weekly_rsk,corn_seasonal_tru,wheat_seasonal_rsk,wheat_weekly_rvb,soybeans_weekly_rvg,soybeans_monthly_rku,wheat_monthly_tru,soybeans_seasonal_rv,corn_monthly_rsk,corn_weekly_rvb,wheat_seasonal_jumps,soybeans_monthly_jumps,corn_monthly_rv,wheat_monthly_lev,wheat_monthly_rvg,corn_seasonal_rvg,soybeans_weekly_lev,corn_weekly_trd,corn_monthly_trd,soybeans_weekly_rv,soybeans_weekly_trd,corn_weekly_tru,soybeans_weekly_jumps,wheat_seasonal_rvb,wheat_weekly_trd,corn_monthly_tru,wheat_seasonal_lev,soybeans_seasonal_rvg,soybeans_weekly_rvb,corn_seasonal_trd,corn_weekly_rku,soybeans_monthly_tru,wheat_weekly_tru,soybeans_monthly_rv,corn_monthly_rvb,corn_monthly_rvg,soybeans_seasonal_trd,wheat_seasonal_rvg",9.626472173469336e-06,0.0019782881555435086,-3.188069075017306,0.568730484764421,0.6519298892225182,2.4506281264199718e-05,0.0030142053748233987,-3.1943111501835366,-0.13456255773029557,0.2084835977249483,wheat_weekly_rv,RV_target,4,"wheat_weekly_rv,wheat_monthly_rv,wheat_seasonal_rv","wheat_monthly_jumps,wheat_monthly_lev,wheat_monthly_rku,wheat_monthly_rsk,wheat_monthly_rvb,wheat_monthly_rvg,wheat_monthly_trd,wheat_monthly_tru,wheat_seasonal_jumps,wheat_seasonal_lev,wheat_seasonal_rku,wheat_seasonal_rsk,wheat_seasonal_rvb,wheat_seasonal_rvg,wheat_seasonal_trd,wheat_seasonal_tru,wheat_weekly_jumps,wheat_weekly_lev,wheat_weekly_rku,wheat_weekly_rsk,wheat_weekly_rvb,wheat_weekly_rvg,wheat_weekly_trd,wheat_weekly_tru,corn_monthly_jumps,corn_monthly_lev,corn_monthly_rku,corn_monthly_rsk,corn_monthly_rv,corn_monthly_rvb,corn_monthly_rvg,corn_monthly_trd,corn_monthly_tru,corn_seasonal_jumps,corn_seasonal_lev,corn_seasonal_rku,corn_seasonal_rsk,corn_seasonal_rv,corn_seasonal_rvb,corn_seasonal_rvg,corn_seasonal_trd,corn_seasonal_tru,corn_weekly_jumps,corn_weekly_lev,corn_weekly_rku,corn_weekly_rsk,corn_weekly_rv,corn_weekly_rvb,corn_weekly_rvg,corn_weekly_trd,corn_weekly_tru,soybeans_monthly_jumps,soybeans_monthly_lev,soybeans_monthly_rku,soybeans_monthly_rsk,soybeans_monthly_rv,soybeans_monthly_rvb,soybeans_monthly_rvg,soybeans_monthly_trd,soybeans_monthly_tru,soybeans_seasonal_jumps,soybeans_seasonal_lev,soybeans_seasonal_rku,soybeans_seasonal_rsk,soybeans_seasonal_rv,soybeans_seasonal_rvb,soybeans_seasonal_rvg,soybeans_seasonal_trd,soybeans_seasonal_tru,soybeans_weekly_jumps,soybeans_weekly_lev,soybeans_weekly_rku,soybeans_weekly_rsk,soybeans_weekly_rv,soybeans_weekly_rvb,soybeans_weekly_rvg,soybeans_weekly_trd,soybeans_weekly_tru,ssta_elino,ssta_lanina,dry,wet,SOI_index,NAO_index,Text_Climate_Anomaly",rolling,104,1,1,104.0,724,lasso,True,True,log,1e-10,True,1e-10,25,5.0,0.0003601239676979833,,,,
lasso_rolling,har_endo,27,"wheat_monthly_rv,wheat_seasonal_rv,wheat_weekly_rv,wheat_seasonal_rsk,wheat_monthly_tru,wheat_monthly_jumps,wheat_monthly_trd,wheat_seasonal_rku,wheat_seasonal_trd,wheat_monthly_rvb,wheat_seasonal_rvb,wheat_seasonal_tru,wheat_weekly_lev,wheat_weekly_rsk,wheat_monthly_rku,wheat_monthly_rsk,wheat_seasonal_jumps,wheat_seasonal_lev,wheat_weekly_rku,wheat_weekly_trd,wheat_weekly_tru,wheat_weekly_jumps,wheat_monthly_lev,wheat_weekly_rvg,wheat_weekly_rvb,wheat_monthly_rvg,wheat_seasonal_rvg",1.2274193107076971e-05,0.0022786078533349684,-3.1836817570337406,0.45011160726295196,0.5435853850551231,2.684021091875257e-05,0.002890454611414057,-3.1957881724520663,-0.24261604695146155,0.2627590484759418,wheat_weekly_rv,RV_target,4,"wheat_weekly_rv,wheat_monthly_rv,wheat_seasonal_rv","wheat_monthly_jumps,wheat_monthly_lev,wheat_monthly_rku,wheat_monthly_rsk,wheat_monthly_rvb,wheat_monthly_rvg,wheat_monthly_trd,wheat_monthly_tru,wheat_seasonal_jumps,wheat_seasonal_lev,wheat_seasonal_rku,wheat_seasonal_rsk,wheat_seasonal_rvb,wheat_seasonal_rvg,wheat_seasonal_trd,wheat_seasonal_tru,wheat_weekly_jumps,wheat_weekly_lev,wheat_weekly_rku,wheat_weekly_rsk,wheat_weekly_rvb,wheat_weekly_rvg,wheat_weekly_trd,wheat_weekly_tru",rolling,104,1,1,104.0,724,lasso,True,True,log,1e-10,True,1e-10,25,5.0,0.00046279930093438967,,,,
ols_expanding,har,3,"wheat_weekly_rv,wheat_monthly_rv,wheat_seasonal_rv",1.5604018435317432e-05,0.002603792709629849,-3.1775315987399964,0.3009342004983854,0.39884062416022104,1.5056944080028429e-05,0.002607069408647888,-3.199744538175434,0.3029115758989085,0.3798099755279294,wheat_weekly_rv,RV_target,4,"wheat_weekly_rv,wheat_monthly_rv,wheat_seasonal_rv",,expanding,104,1,1,,724,none,True,True,log,1e-10,True,1e-10,25,5.0,,,,,
ols_expanding,har_endo_exo,52,"wheat_weekly_rv,wheat_monthly_rv,wheat_seasonal_rv,wheat_seasonal_rsk,wheat_weekly_rvg,wheat_weekly_tru,soybeans_weekly_rku,wheat_seasonal_lev,corn_seasonal_lev,soybeans_weekly_rvg,soybeans_weekly_tru,corn_monthly_tru,wheat_monthly_tru,corn_monthly_jumps,soybeans_weekly_rv,soybeans_weekly_jumps,corn_seasonal_rsk,corn_weekly_rv,corn_weekly_rvg,corn_monthly_lev,corn_monthly_rsk,wheat_monthly_jumps,wheat_weekly_rvb,soybeans_seasonal_lev,corn_monthly_rv,wheat_monthly_rvg,corn_monthly_rvb,corn_monthly_rvg,soybeans_weekly_rsk,wheat_seasonal_rvb,wheat_monthly_rvb,corn_weekly_rvb,wheat_seasonal_trd,corn_monthly_trd,soybeans_monthly_rsk,soybeans_seasonal_rsk,soybeans_monthly_rku,corn_monthly_rku,corn_weekly_tru,wheat_seasonal_jumps,soybeans_seasonal_rku,corn_seasonal_trd,corn_weekly_trd,wheat_seasonal_tru,wheat_seasonal_rvg,wheat_monthly_trd,corn_seasonal_rv,corn_seasonal_rvb,corn_seasonal_rvg,wheat_weekly_trd,wheat_weekly_jumps,soybeans_weekly_rvb",1.3802333054899714e-05,0.002419932013576675,-3.180457601928974,0.38165037217768794,0.46926140108144443,1.5181149527388946e-05,0.002577241222236918,-3.1986502153473593,0.2971612603564502,0.36384502798496043,wheat_weekly_rv,RV_target,4,"wheat_weekly_rv,wheat_monthly_rv,wheat_seasonal_rv","wheat_monthly_jumps,wheat_monthly_lev,wheat_monthly_rku,wheat_monthly_rsk,wheat_monthly_rvb,wheat_monthly_rvg,wheat_monthly_trd,wheat_monthly_tru,wheat_seasonal_jumps,wheat_seasonal_lev,wheat_seasonal_rku,wheat_seasonal_rsk,wheat_seasonal_rvb,wheat_seasonal_rvg,wheat_seasonal_trd,wheat_seasonal_tru,wheat_weekly_jumps,wheat_weekly_lev,wheat_weekly_rku,wheat_weekly_rsk,wheat_weekly_rvb,wheat_weekly_rvg,wheat_weekly_trd,wheat_weekly_tru,corn_monthly_jumps,corn_monthly_lev,corn_monthly_rku,corn_monthly_rsk,corn_monthly_rv,corn_monthly_rvb,corn_monthly_rvg,corn_monthly_trd,corn_monthly_tru,corn_seasonal_jumps,corn_seasonal_lev,corn_seasonal_rku,corn_seasonal_rsk,corn_seasonal_rv,corn_seasonal_rvb,corn_seasonal_rvg,corn_seasonal_trd,corn_seasonal_tru,corn_weekly_jumps,corn_weekly_lev,corn_weekly_rku,corn_weekly_rsk,corn_weekly_rv,corn_weekly_rvb,corn_weekly_rvg,corn_weekly_trd,corn_weekly_tru,soybeans_monthly_jumps,soybeans_monthly_lev,soybeans_monthly_rku,soybeans_monthly_rsk,soybeans_monthly_rv,soybeans_monthly_rvb,soybeans_monthly_rvg,soybeans_monthly_trd,soybeans_monthly_tru,soybeans_seasonal_jumps,soybeans_seasonal_lev,soybeans_seasonal_rku,soybeans_seasonal_rsk,soybeans_seasonal_rv,soybeans_seasonal_rvb,soybeans_seasonal_rvg,soybeans_seasonal_trd,soybeans_seasonal_tru,soybeans_weekly_jumps,soybeans_weekly_lev,soybeans_weekly_rku,soybeans_weekly_rsk,soybeans_weekly_rv,soybeans_weekly_rvb,soybeans_weekly_rvg,soybeans_weekly_trd,soybeans_weekly_tru",expanding,104,1,1,,724,none,True,True,log,1e-10,True,1e-10,25,5.0,,,,,
ols_expanding,har_endo_exogenous_climate,57,"wheat_weekly_rv,wheat_monthly_rv,wheat_seasonal_rv,NAO_index,ssta_elino,wheat_seasonal_rsk,Text_Climate_Anomaly,wheat_weekly_rvg,SOI_index,wheat_weekly_tru,soybeans_weekly_rku,wheat_seasonal_lev,corn_seasonal_lev,soybeans_weekly_rvg,soybeans_weekly_tru,corn_monthly_tru,wheat_monthly_tru,corn_monthly_jumps,soybeans_weekly_rv,soybeans_weekly_jumps,corn_monthly_lev,corn_seasonal_rsk,corn_weekly_rv,ssta_lanina,wheat_weekly_rvb,corn_weekly_rvg,wheat_monthly_rvg,soybeans_seasonal_lev,corn_monthly_rv,wheat_monthly_jumps,corn_monthly_rvg,soybeans_weekly_rsk,corn_monthly_rvb,wheat_seasonal_rvb,wheat_monthly_rvb,corn_weekly_rvb,soybeans_monthly_rsk,soybeans_seasonal_rsk,wet,soybeans_monthly_rku,corn_monthly_rku,corn_monthly_trd,wheat_seasonal_jumps,soybeans_seasonal_rku,wheat_seasonal_trd,corn_weekly_tru,corn_weekly_trd,wheat_seasonal_tru,wheat_seasonal_rvg,corn_seasonal_trd,corn_seasonal_rv,corn_seasonal_rvb,wheat_monthly_trd,corn_seasonal_rvg,wheat_weekly_trd,wheat_weekly_jumps,soybeans_weekly_rvb",1.367138295322549e-05,0.002413028934804372,-3.180676802258036,0.3875169851851755,0.47455073619538146,1.52345071342622e-05,0.002592032623702652,-3.1988295358465693,0.29469097356442986,0.36571748404664517,wheat_weekly_rv,RV_target,4,"wheat_weekly_rv,wheat_monthly_rv,wheat_seasonal_rv","wheat_monthly_jumps,wheat_monthly_lev,wheat_monthly_rku,wheat_monthly_rsk,wheat_monthly_rvb,wheat_monthly_rvg,wheat_monthly_trd,wheat_monthly_tru,wheat_seasonal_jumps,wheat_seasonal_lev,wheat_seasonal_rku,wheat_seasonal_rsk,wheat_seasonal_rvb,wheat_seasonal_rvg,wheat_seasonal_trd,wheat_seasonal_tru,wheat_weekly_jumps,wheat_weekly_lev,wheat_weekly_rku,wheat_weekly_rsk,wheat_weekly_rvb,wheat_weekly_rvg,wheat_weekly_trd,wheat_weekly_tru,corn_monthly_jumps,corn_monthly_lev,corn_monthly_rku,corn_monthly_rsk,corn_monthly_rv,corn_monthly_rvb,corn_monthly_rvg,corn_monthly_trd,corn_monthly_tru,corn_seasonal_jumps,corn_seasonal_lev,corn_seasonal_rku,corn_seasonal_rsk,corn_seasonal_rv,corn_seasonal_rvb,corn_seasonal_rvg,corn_seasonal_trd,corn_seasonal_tru,corn_weekly_jumps,corn_weekly_lev,corn_weekly_rku,corn_weekly_rsk,corn_weekly_rv,corn_weekly_rvb,corn_weekly_rvg,corn_weekly_trd,corn_weekly_tru,soybeans_monthly_jumps,soybeans_monthly_lev,soybeans_monthly_rku,soybeans_monthly_rsk,soybeans_monthly_rv,soybeans_monthly_rvb,soybeans_monthly_rvg,soybeans_monthly_trd,soybeans_monthly_tru,soybeans_seasonal_jumps,soybeans_seasonal_lev,soybeans_seasonal_rku,soybeans_seasonal_rsk,soybeans_seasonal_rv,soybeans_seasonal_rvb,soybeans_seasonal_rvg,soybeans_seasonal_trd,soybeans_seasonal_tru,soybeans_weekly_jumps,soybeans_weekly_lev,soybeans_weekly_rku,soybeans_weekly_rsk,soybeans_weekly_rv,soybeans_weekly_rvb,soybeans_weekly_rvg,soybeans_weekly_trd,soybeans_weekly_tru,ssta_elino,ssta_lanina,dry,wet,SOI_index,NAO_index,Text_Climate_Anomaly",expanding,104,1,1,,724,none,True,True,log,1e-10,True,1e-10,25,5.0,,,,,
ols_expanding,har_endo_exogenous_climate_news,59,"wheat_weekly_rv,wheat_monthly_rv,wheat_seasonal_rv,NAO_index,ssta_elino,epu_monetary,wheat_seasonal_rsk,Text_Climate_Anomaly,frbsf_sentiment,wheat_weekly_rvg,SOI_index,wheat_weekly_tru,soybeans_weekly_rku,epu_financial_reg,wheat_seasonal_lev,corn_seasonal_lev,soybeans_weekly_rvg,soybeans_weekly_tru,corn_monthly_tru,wheat_monthly_tru,corn_monthly_jumps,corn_seasonal_rsk,corn_weekly_rv,corn_monthly_lev,wheat_monthly_rvg,soybeans_seasonal_lev,corn_monthly_rv,wheat_weekly_rvb,corn_monthly_rvg,soybeans_weekly_rsk,epu_govt_spending,wheat_monthly_jumps,wheat_seasonal_rvb,wheat_monthly_rvb,corn_weekly_rvb,corn_monthly_rvb,soybeans_monthly_rsk,soybeans_seasonal_rsk,wet,soybeans_monthly_rku,corn_weekly_rvg,corn_monthly_rku,corn_monthly_trd,wheat_seasonal_jumps,soybeans_seasonal_rku,corn_weekly_tru,corn_weekly_trd,wheat_seasonal_trd,wheat_seasonal_tru,wheat_seasonal_rvg,corn_seasonal_trd,corn_seasonal_rv,corn_seasonal_rvb,wheat_monthly_trd,corn_seasonal_rvg,wheat_weekly_trd,soybeans_weekly_rv,wheat_weekly_jumps,soybeans_weekly_rvb",1.3626152712265716e-05,0.0024075808193232975,-3.180757029870121,0.38954331671568887,0.4766203861216921,1.5268340563710744e-05,0.0025849337115640687,-3.1988570286519002,0.29312459383353195,0.36531909164098764,wheat_weekly_rv,RV_target,4,"wheat_weekly_rv,wheat_monthly_rv,wheat_seasonal_rv","wheat_monthly_jumps,wheat_monthly_lev,wheat_monthly_rku,wheat_monthly_rsk,wheat_monthly_rvb,wheat_monthly_rvg,wheat_monthly_trd,wheat_monthly_tru,wheat_seasonal_jumps,wheat_seasonal_lev,wheat_seasonal_rku,wheat_seasonal_rsk,wheat_seasonal_rvb,wheat_seasonal_rvg,wheat_seasonal_trd,wheat_seasonal_tru,wheat_weekly_jumps,wheat_weekly_lev,wheat_weekly_rku,wheat_weekly_rsk,wheat_weekly_rvb,wheat_weekly_rvg,wheat_weekly_trd,wheat_weekly_tru,corn_monthly_jumps,corn_monthly_lev,corn_monthly_rku,corn_monthly_rsk,corn_monthly_rv,corn_monthly_rvb,corn_monthly_rvg,corn_monthly_trd,corn_monthly_tru,corn_seasonal_jumps,corn_seasonal_lev,corn_seasonal_rku,corn_seasonal_rsk,corn_seasonal_rv,corn_seasonal_rvb,corn_seasonal_rvg,corn_seasonal_trd,corn_seasonal_tru,corn_weekly_jumps,corn_weekly_lev,corn_weekly_rku,corn_weekly_rsk,corn_weekly_rv,corn_weekly_rvb,corn_weekly_rvg,corn_weekly_trd,corn_weekly_tru,soybeans_monthly_jumps,soybeans_monthly_lev,soybeans_monthly_rku,soybeans_monthly_rsk,soybeans_monthly_rv,soybeans_monthly_rvb,soybeans_monthly_rvg,soybeans_monthly_trd,soybeans_monthly_tru,soybeans_seasonal_jumps,soybeans_seasonal_lev,soybeans_seasonal_rku,soybeans_seasonal_rsk,soybeans_seasonal_rv,soybeans_seasonal_rvb,soybeans_seasonal_rvg,soybeans_seasonal_trd,soybeans_seasonal_tru,soybeans_weekly_jumps,soybeans_weekly_lev,soybeans_weekly_rku,soybeans_weekly_rsk,soybeans_weekly_rv,soybeans_weekly_rvb,soybeans_weekly_rvg,soybeans_weekly_trd,soybeans_weekly_tru,ssta_elino,ssta_lanina,dry,wet,SOI_index,NAO_index,Text_Climate_Anomaly,frbsf_sentiment,epu_entitlement,epu_financial_reg,epu_fiscal,epu_govt_spending,epu_healthcare,epu_index,epu_monetary,epu_national_security,epu_overall,epu_regulation,epu_sovereign_debt,epu_taxes,epu_trade",expanding,104,1,1,,724,none,True,True,log,1e-10,True,1e-10,25,5.0,,,,,
ols_expanding,har__all,55,"wheat_weekly_rv,wheat_monthly_rv,wheat_seasonal_rv,ssta_elino,wheat_seasonal_rsk,frbsf_sentiment,epu_monetary,wheat_monthly_jumps,wheat_seasonal_lev,soybeans_weekly_rsk,corn_seasonal_lev,NAO_index,wheat_weekly_rvg,soybeans_weekly_rku,wheat_monthly_tru,epu_govt_spending,wheat_weekly_tru,corn_seasonal_rsk,soybeans_weekly_lev,wheat_weekly_rvb,corn_monthly_tru,Text_Climate_Anomaly,corn_monthly_rv,corn_weekly_rv,epu_financial_reg,corn_monthly_rku,corn_monthly_jumps,soybeans_monthly_rku,corn_weekly_rvb,soybeans_seasonal_rsk,wet,wheat_seasonal_jumps,corn_monthly_trd,corn_monthly_rvb,corn_weekly_rvg,corn_monthly_rvg,wheat_monthly_rvg,soybeans_seasonal_rku,corn_monthly_lev,corn_weekly_trd,wheat_monthly_rvb,wheat_seasonal_trd,wheat_seasonal_rvb,DJIA_Index,corn_seasonal_rv,wheat_seasonal_rvg,wheat_seasonal_tru,corn_seasonal_rvb,wheat_monthly_trd,wheat_weekly_trd,soybeans_weekly_rvg,soybeans_weekly_rv,soybeans_weekly_tru,soybeans_weekly_rvb,wheat_weekly_jumps",1.3326248619860758e-05,0.0023680680924396563,-3.1769742197491233,0.3939117244545267,0.4827166545927637,1.5290009657162783e-05,0.002519474074563463,-3.2023134106263598,0.2486488859387117,0.3193973703882993,wheat_weekly_rv,RV_target,4,"wheat_weekly_rv,wheat_monthly_rv,wheat_seasonal_rv","wheat_monthly_jumps,wheat_monthly_lev,wheat_monthly_rku,wheat_monthly_rsk,wheat_monthly_rvb,wheat_monthly_rvg,wheat_monthly_trd,wheat_monthly_tru,wheat_seasonal_jumps,wheat_seasonal_lev,wheat_seasonal_rku,wheat_seasonal_rsk,wheat_seasonal_rvb,wheat_seasonal_rvg,wheat_seasonal_trd,wheat_seasonal_tru,wheat_weekly_jumps,wheat_weekly_lev,wheat_weekly_rku,wheat_weekly_rsk,wheat_weekly_rvb,wheat_weekly_rvg,wheat_weekly_trd,wheat_weekly_tru,corn_monthly_jumps,corn_monthly_lev,corn_monthly_rku,corn_monthly_rsk,corn_monthly_rv,corn_monthly_rvb,corn_monthly_rvg,corn_monthly_trd,corn_monthly_tru,corn_seasonal_jumps,corn_seasonal_lev,corn_seasonal_rku,corn_seasonal_rsk,corn_seasonal_rv,corn_seasonal_rvb,corn_seasonal_rvg,corn_seasonal_trd,corn_seasonal_tru,corn_weekly_jumps,corn_weekly_lev,corn_weekly_rku,corn_weekly_rsk,corn_weekly_rv,corn_weekly_rvb,corn_weekly_rvg,corn_weekly_trd,corn_weekly_tru,soybeans_monthly_jumps,soybeans_monthly_lev,soybeans_monthly_rku,soybeans_monthly_rsk,soybeans_monthly_rv,soybeans_monthly_rvb,soybeans_monthly_rvg,soybeans_monthly_trd,soybeans_monthly_tru,soybeans_seasonal_jumps,soybeans_seasonal_lev,soybeans_seasonal_rku,soybeans_seasonal_rsk,soybeans_seasonal_rv,soybeans_seasonal_rvb,soybeans_seasonal_rvg,soybeans_seasonal_trd,soybeans_seasonal_tru,soybeans_weekly_jumps,soybeans_weekly_lev,soybeans_weekly_rku,soybeans_weekly_rsk,soybeans_weekly_rv,soybeans_weekly_rvb,soybeans_weekly_rvg,soybeans_weekly_trd,soybeans_weekly_tru,ssta_elino,ssta_lanina,dry,wet,SOI_index,NAO_index,Text_Climate_Anomaly,frbsf_sentiment,epu_entitlement,epu_financial_reg,epu_fiscal,epu_govt_spending,epu_healthcare,epu_index,epu_monetary,epu_national_security,epu_overall,epu_regulation,epu_sovereign_debt,epu_taxes,epu_trade,DJIA_Index,WTI_Index,Broad_Dollar_index,Stock_Uncertainty",expanding,104,1,1,,614,none,True,True,log,1e-10,True,1e-10,25,5.0,,,,,
ols_expanding,har_endo,27,"wheat_weekly_rv,wheat_monthly_rv,wheat_seasonal_rv,wheat_seasonal_rsk,wheat_weekly_rvg,wheat_weekly_tru,wheat_seasonal_lev,wheat_monthly_tru,wheat_weekly_rvb,wheat_monthly_jumps,wheat_weekly_rku,wheat_monthly_rvg,wheat_monthly_rsk,wheat_weekly_trd,wheat_seasonal_jumps,wheat_monthly_lev,wheat_weekly_jumps,wheat_seasonal_rku,wheat_monthly_rku,wheat_weekly_rsk,wheat_monthly_rvb,wheat_seasonal_rvb,wheat_seasonal_trd,wheat_seasonal_rvg,wheat_seasonal_tru,wheat_monthly_trd,wheat_weekly_lev",1.393424266390945e-05,0.0024305240349017394,-3.180296843031574,0.3757407728865447,0.4654530359708746,1.6718118819278863e-05,0.002684156453859602,-3.1966615232760445,0.22600449070380701,0.3110178634711803,wheat_weekly_rv,RV_target,4,"wheat_weekly_rv,wheat_monthly_rv,wheat_seasonal_rv","wheat_monthly_jumps,wheat_monthly_lev,wheat_monthly_rku,wheat_monthly_rsk,wheat_monthly_rvb,wheat_monthly_rvg,wheat_monthly_trd,wheat_monthly_tru,wheat_seasonal_jumps,wheat_seasonal_lev,wheat_seasonal_rku,wheat_seasonal_rsk,wheat_seasonal_rvb,wheat_seasonal_rvg,wheat_seasonal_trd,wheat_seasonal_tru,wheat_weekly_jumps,wheat_weekly_lev,wheat_weekly_rku,wheat_weekly_rsk,wheat_weekly_rvb,wheat_weekly_rvg,wheat_weekly_trd,wheat_weekly_tru",expanding,104,1,1,,724,none,True,True,log,1e-10,True,1e-10,25,5.0,,,,,
ols_rolling,har,3,"wheat_weekly_rv,wheat_monthly_rv,wheat_seasonal_rv",1.3948095359258748e-05,0.0024492642259126875,-3.180721946022579,0.37512016700929907,0.47279473105288516,1.5110109460295777e-05,0.002573307203662302,-3.1999927701067854,0.30045018858483474,0.3853195365716069,wheat_weekly_rv,RV_target,4,"wheat_weekly_rv,wheat_monthly_rv,wheat_seasonal_rv",,rolling,104,1,1,104.0,724,none,True,True,log,1e-10,True,1e-10,25,5.0,,,,,
ols_rolling,har_endo_exogenous_climate_news,93,"wheat_weekly_rv,wheat_monthly_rv,wheat_seasonal_rv,NAO_index,ssta_elino,epu_monetary,wheat_seasonal_rsk,Text_Climate_Anomaly,frbsf_sentiment,wheat_weekly_rvg,SOI_index,wheat_weekly_tru,soybeans_weekly_rku,epu_financial_reg,wheat_seasonal_lev,corn_seasonal_lev,soybeans_weekly_rvg,soybeans_weekly_tru,corn_monthly_tru,wheat_monthly_tru,corn_weekly_rv,corn_seasonal_rsk,corn_weekly_rvg,corn_monthly_rv,wheat_monthly_rvg,corn_monthly_rvg,epu_govt_spending,wheat_weekly_rvb,wheat_monthly_jumps,wheat_seasonal_rvb,corn_weekly_rvb,corn_monthly_jumps,wet,soybeans_seasonal_rv,soybeans_seasonal_rvb,soybeans_monthly_rsk,soybeans_seasonal_trd,soybeans_seasonal_rvg,soybeans_seasonal_jumps,soybeans_monthly_rvb,soybeans_monthly_trd,soybeans_seasonal_tru,soybeans_monthly_rv,soybeans_seasonal_rsk,wheat_seasonal_tru,wheat_seasonal_rvg,corn_seasonal_tru,corn_monthly_trd,corn_seasonal_jumps,corn_monthly_rku,corn_monthly_rvb,wheat_seasonal_jumps,corn_seasonal_trd,corn_seasonal_rv,corn_seasonal_rku,soybeans_monthly_rku,soybeans_seasonal_rku,corn_seasonal_rvb,corn_seasonal_rvg,wheat_monthly_rvb,wheat_seasonal_trd,wheat_monthly_trd,corn_weekly_trd,epu_national_security,wheat_seasonal_rku,epu_trade,epu_sovereign_debt,soybeans_seasonal_lev,ssta_lanina,epu_healthcare,wheat_monthly_rsk,soybeans_monthly_rvg,epu_overall,epu_fiscal,epu_entitlement,epu_taxes,epu_index,wheat_weekly_trd,soybeans_monthly_tru,wheat_weekly_rsk,wheat_weekly_lev,epu_regulation,soybeans_weekly_rv,soybeans_weekly_rvb,wheat_weekly_jumps,corn_weekly_tru,soybeans_weekly_trd,soybeans_weekly_jumps,wheat_monthly_rku,wheat_monthly_lev,soybeans_monthly_jumps,wheat_weekly_rku,corn_weekly_jumps",6.123117633799234e-06,0.0016239457181579386,-3.19273805518999,0.7256820644080957,0.7675708705757927,2.4020024205223143e-05,0.0029257322638384397,-3.195552037218079,-0.11205040884082629,0.21618609260375055,wheat_weekly_rv,RV_target,4,"wheat_weekly_rv,wheat_monthly_rv,wheat_seasonal_rv","wheat_monthly_jumps,wheat_monthly_lev,wheat_monthly_rku,wheat_monthly_rsk,wheat_monthly_rvb,wheat_monthly_rvg,wheat_monthly_trd,wheat_monthly_tru,wheat_seasonal_jumps,wheat_seasonal_lev,wheat_seasonal_rku,wheat_seasonal_rsk,wheat_seasonal_rvb,wheat_seasonal_rvg,wheat_seasonal_trd,wheat_seasonal_tru,wheat_weekly_jumps,wheat_weekly_lev,wheat_weekly_rku,wheat_weekly_rsk,wheat_weekly_rvb,wheat_weekly_rvg,wheat_weekly_trd,wheat_weekly_tru,corn_monthly_jumps,corn_monthly_lev,corn_monthly_rku,corn_monthly_rsk,corn_monthly_rv,corn_monthly_rvb,corn_monthly_rvg,corn_monthly_trd,corn_monthly_tru,corn_seasonal_jumps,corn_seasonal_lev,corn_seasonal_rku,corn_seasonal_rsk,corn_seasonal_rv,corn_seasonal_rvb,corn_seasonal_rvg,corn_seasonal_trd,corn_seasonal_tru,corn_weekly_jumps,corn_weekly_lev,corn_weekly_rku,corn_weekly_rsk,corn_weekly_rv,corn_weekly_rvb,corn_weekly_rvg,corn_weekly_trd,corn_weekly_tru,soybeans_monthly_jumps,soybeans_monthly_lev,soybeans_monthly_rku,soybeans_monthly_rsk,soybeans_monthly_rv,soybeans_monthly_rvb,soybeans_monthly_rvg,soybeans_monthly_trd,soybeans_monthly_tru,soybeans_seasonal_jumps,soybeans_seasonal_lev,soybeans_seasonal_rku,soybeans_seasonal_rsk,soybeans_seasonal_rv,soybeans_seasonal_rvb,soybeans_seasonal_rvg,soybeans_seasonal_trd,soybeans_seasonal_tru,soybeans_weekly_jumps,soybeans_weekly_lev,soybeans_weekly_rku,soybeans_weekly_rsk,soybeans_weekly_rv,soybeans_weekly_rvb,soybeans_weekly_rvg,soybeans_weekly_trd,soybeans_weekly_tru,ssta_elino,ssta_lanina,dry,wet,SOI_index,NAO_index,Text_Climate_Anomaly,frbsf_sentiment,epu_entitlement,epu_financial_reg,epu_fiscal,epu_govt_spending,epu_healthcare,epu_index,epu_monetary,epu_national_security,epu_overall,epu_regulation,epu_sovereign_debt,epu_taxes,epu_trade",rolling,104,1,1,104.0,724,none,True,True,log,1e-10,True,1e-10,25,5.0,,,,,
ols_rolling,har_endo_exo,79,"wheat_weekly_rv,wheat_monthly_rv,wheat_seasonal_rv,wheat_seasonal_rsk,wheat_weekly_rvg,wheat_weekly_tru,soybeans_weekly_rku,wheat_seasonal_lev,corn_seasonal_lev,soybeans_weekly_rvg,soybeans_weekly_tru,corn_monthly_tru,wheat_monthly_tru,corn_monthly_jumps,soybeans_weekly_rv,soybeans_weekly_jumps,corn_seasonal_rsk,corn_weekly_rv,corn_weekly_rvg,corn_monthly_lev,corn_monthly_rsk,wheat_monthly_jumps,wheat_weekly_rvb,corn_monthly_rv,wheat_monthly_rvg,corn_monthly_rvg,corn_monthly_rvb,soybeans_seasonal_lev,soybeans_weekly_rsk,wheat_seasonal_rvb,wheat_monthly_rvb,corn_weekly_rvb,corn_monthly_trd,corn_weekly_trd,soybeans_seasonal_rv,soybeans_seasonal_rvb,soybeans_monthly_rsk,soybeans_seasonal_rvg,soybeans_seasonal_trd,soybeans_seasonal_rsk,soybeans_seasonal_jumps,soybeans_monthly_rvb,soybeans_seasonal_tru,soybeans_monthly_trd,soybeans_monthly_jumps,soybeans_monthly_rv,soybeans_monthly_rvg,wheat_seasonal_tru,wheat_seasonal_rvg,corn_seasonal_tru,corn_seasonal_jumps,corn_seasonal_trd,corn_monthly_rku,wheat_seasonal_jumps,corn_seasonal_rv,corn_seasonal_rvb,corn_seasonal_rku,corn_seasonal_rvg,soybeans_monthly_rku,soybeans_seasonal_rku,wheat_monthly_rku,wheat_seasonal_trd,wheat_monthly_trd,wheat_seasonal_rku,wheat_weekly_trd,wheat_weekly_rku,wheat_monthly_rsk,soybeans_monthly_tru,wheat_weekly_jumps,wheat_weekly_rsk,wheat_weekly_lev,corn_weekly_rsk,soybeans_monthly_lev,soybeans_weekly_rvb,corn_weekly_tru,soybeans_weekly_trd,corn_weekly_lev,wheat_monthly_lev,corn_weekly_jumps",7.3387920791356766e-06,0.0017244120740442296,-3.191045298704279,0.6712193994487079,0.7251384458931934,3.3358950016883034e-05,0.003122678000091939,-3.1855814721399085,-0.5444128485394606,0.03862962011250404,wheat_weekly_rv,RV_target,4,"wheat_weekly_rv,wheat_monthly_rv,wheat_seasonal_rv","wheat_monthly_jumps,wheat_monthly_lev,wheat_monthly_rku,wheat_monthly_rsk,wheat_monthly_rvb,wheat_monthly_rvg,wheat_monthly_trd,wheat_monthly_tru,wheat_seasonal_jumps,wheat_seasonal_lev,wheat_seasonal_rku,wheat_seasonal_rsk,wheat_seasonal_rvb,wheat_seasonal_rvg,wheat_seasonal_trd,wheat_seasonal_tru,wheat_weekly_jumps,wheat_weekly_lev,wheat_weekly_rku,wheat_weekly_rsk,wheat_weekly_rvb,wheat_weekly_rvg,wheat_weekly_trd,wheat_weekly_tru,corn_monthly_jumps,corn_monthly_lev,corn_monthly_rku,corn_monthly_rsk,corn_monthly_rv,corn_monthly_rvb,corn_monthly_rvg,corn_monthly_trd,corn_monthly_tru,corn_seasonal_jumps,corn_seasonal_lev,corn_seasonal_rku,corn_seasonal_rsk,corn_seasonal_rv,corn_seasonal_rvb,corn_seasonal_rvg,corn_seasonal_trd,corn_seasonal_tru,corn_weekly_jumps,corn_weekly_lev,corn_weekly_rku,corn_weekly_rsk,corn_weekly_rv,corn_weekly_rvb,corn_weekly_rvg,corn_weekly_trd,corn_weekly_tru,soybeans_monthly_jumps,soybeans_monthly_lev,soybeans_monthly_rku,soybeans_monthly_rsk,soybeans_monthly_rv,soybeans_monthly_rvb,soybeans_monthly_rvg,soybeans_monthly_trd,soybeans_monthly_tru,soybeans_seasonal_jumps,soybeans_seasonal_lev,soybeans_seasonal_rku,soybeans_seasonal_rsk,soybeans_seasonal_rv,soybeans_seasonal_rvb,soybeans_seasonal_rvg,soybeans_seasonal_trd,soybeans_seasonal_tru,soybeans_weekly_jumps,soybeans_weekly_lev,soybeans_weekly_rku,soybeans_weekly_rsk,soybeans_weekly_rv,soybeans_weekly_rvb,soybeans_weekly_rvg,soybeans_weekly_trd,soybeans_weekly_tru",rolling,104,1,1,104.0,724,none,True,True,log,1e-10,True,1e-10,25,5.0,,,,,
ols_rolling,har__all,93,"wheat_weekly_rv,wheat_monthly_rv,wheat_seasonal_rv,ssta_elino,wheat_seasonal_rsk,frbsf_sentiment,epu_monetary,wheat_monthly_jumps,wheat_seasonal_lev,soybeans_weekly_rsk,corn_seasonal_lev,NAO_index,wheat_weekly_rvg,soybeans_weekly_rku,wheat_monthly_tru,epu_govt_spending,wheat_weekly_tru,corn_seasonal_rsk,soybeans_weekly_lev,wheat_weekly_rvb,corn_monthly_tru,epu_financial_reg,corn_weekly_rv,corn_monthly_rku,wet,corn_monthly_jumps,Text_Climate_Anomaly,soybeans_monthly_rku,corn_weekly_rvb,corn_weekly_trd,wheat_monthly_rvg,soybeans_seasonal_rv,epu_regulation,soybeans_seasonal_rvg,soybeans_seasonal_rvb,corn_monthly_rv,corn_monthly_trd,corn_monthly_rvb,corn_monthly_rvg,wheat_seasonal_jumps,wheat_seasonal_tru,corn_seasonal_tru,corn_seasonal_jumps,corn_seasonal_trd,corn_seasonal_rv,corn_seasonal_rvb,corn_seasonal_rku,soybeans_seasonal_rku,wheat_monthly_rku,DJIA_Index,wheat_seasonal_rku,wheat_seasonal_trd,wheat_monthly_rvb,wheat_seasonal_rvb,Broad_Dollar_index,wheat_monthly_trd,wheat_seasonal_rvg,epu_national_security,corn_weekly_rvg,epu_trade,epu_sovereign_debt,WTI_Index,soybeans_seasonal_jumps,soybeans_monthly_rv,soybeans_monthly_rvb,soybeans_monthly_trd,SOI_index,soybeans_seasonal_trd,soybeans_monthly_rvg,epu_healthcare,Stock_Uncertainty,epu_overall,epu_entitlement,epu_fiscal,epu_taxes,soybeans_weekly_rv,soybeans_weekly_rvg,soybeans_monthly_tru,soybeans_weekly_rvb,wheat_weekly_trd,wheat_weekly_jumps,corn_weekly_tru,soybeans_weekly_tru,soybeans_seasonal_rsk,soybeans_weekly_trd,soybeans_weekly_jumps,soybeans_seasonal_tru,soybeans_monthly_jumps,wheat_monthly_lev,wheat_monthly_rsk,soybeans_seasonal_lev,epu_index,corn_weekly_jumps",6.543121255252986e-06,0.0016868299318499853,-3.1877080316545516,0.702413695601407,0.7500734147408006,6.132518143278714e-05,0.0031535067364499617,-3.193415537754701,-2.0135195740671143,0.03726048181179642,wheat_weekly_rv,RV_target,4,"wheat_weekly_rv,wheat_monthly_rv,wheat_seasonal_rv","wheat_monthly_jumps,wheat_monthly_lev,wheat_monthly_rku,wheat_monthly_rsk,wheat_monthly_rvb,wheat_monthly_rvg,wheat_monthly_trd,wheat_monthly_tru,wheat_seasonal_jumps,wheat_seasonal_lev,wheat_seasonal_rku,wheat_seasonal_rsk,wheat_seasonal_rvb,wheat_seasonal_rvg,wheat_seasonal_trd,wheat_seasonal_tru,wheat_weekly_jumps,wheat_weekly_lev,wheat_weekly_rku,wheat_weekly_rsk,wheat_weekly_rvb,wheat_weekly_rvg,wheat_weekly_trd,wheat_weekly_tru,corn_monthly_jumps,corn_monthly_lev,corn_monthly_rku,corn_monthly_rsk,corn_monthly_rv,corn_monthly_rvb,corn_monthly_rvg,corn_monthly_trd,corn_monthly_tru,corn_seasonal_jumps,corn_seasonal_lev,corn_seasonal_rku,corn_seasonal_rsk,corn_seasonal_rv,corn_seasonal_rvb,corn_seasonal_rvg,corn_seasonal_trd,corn_seasonal_tru,corn_weekly_jumps,corn_weekly_lev,corn_weekly_rku,corn_weekly_rsk,corn_weekly_rv,corn_weekly_rvb,corn_weekly_rvg,corn_weekly_trd,corn_weekly_tru,soybeans_monthly_jumps,soybeans_monthly_lev,soybeans_monthly_rku,soybeans_monthly_rsk,soybeans_monthly_rv,soybeans_monthly_rvb,soybeans_monthly_rvg,soybeans_monthly_trd,soybeans_monthly_tru,soybeans_seasonal_jumps,soybeans_seasonal_lev,soybeans_seasonal_rku,soybeans_seasonal_rsk,soybeans_seasonal_rv,soybeans_seasonal_rvb,soybeans_seasonal_rvg,soybeans_seasonal_trd,soybeans_seasonal_tru,soybeans_weekly_jumps,soybeans_weekly_lev,soybeans_weekly_rku,soybeans_weekly_rsk,soybeans_weekly_rv,soybeans_weekly_rvb,soybeans_weekly_rvg,soybeans_weekly_trd,soybeans_weekly_tru,ssta_elino,ssta_lanina,dry,wet,SOI_index,NAO_index,Text_Climate_Anomaly,frbsf_sentiment,epu_entitlement,epu_financial_reg,epu_fiscal,epu_govt_spending,epu_healthcare,epu_index,epu_monetary,epu_national_security,epu_overall,epu_regulation,epu_sovereign_debt,epu_taxes,epu_trade,DJIA_Index,WTI_Index,Broad_Dollar_index,Stock_Uncertainty",rolling,104,1,1,104.0,614,none,True,True,log,1e-10,True,1e-10,25,5.0,,,,,
ols_rolling,har_endo_exogenous_climate,80,"wheat_weekly_rv,wheat_monthly_rv,wheat_seasonal_rv,NAO_index,ssta_elino,wheat_seasonal_rsk,Text_Climate_Anomaly,wheat_weekly_rvg,SOI_index,wheat_weekly_tru,soybeans_weekly_rku,wheat_seasonal_lev,corn_seasonal_lev,soybeans_weekly_rvg,soybeans_weekly_tru,corn_monthly_tru,wheat_monthly_tru,corn_monthly_jumps,soybeans_weekly_rv,soybeans_weekly_jumps,corn_seasonal_rsk,corn_weekly_rv,ssta_lanina,corn_weekly_rvg,corn_monthly_rv,wheat_monthly_rvg,corn_monthly_rvg,wheat_monthly_jumps,soybeans_seasonal_lev,corn_monthly_rvb,wheat_weekly_rvb,wheat_monthly_rvb,wet,wheat_seasonal_rvb,corn_weekly_rvb,corn_weekly_trd,soybeans_seasonal_rv,soybeans_seasonal_rvb,soybeans_monthly_rsk,soybeans_seasonal_trd,soybeans_seasonal_rvg,soybeans_seasonal_jumps,soybeans_monthly_rvb,soybeans_seasonal_tru,soybeans_monthly_trd,soybeans_monthly_rv,soybeans_seasonal_rsk,wheat_seasonal_tru,wheat_seasonal_rvg,corn_monthly_trd,corn_seasonal_tru,corn_seasonal_jumps,corn_monthly_rku,wheat_seasonal_jumps,corn_seasonal_trd,corn_seasonal_rv,corn_seasonal_rvb,corn_seasonal_rku,soybeans_monthly_rku,soybeans_seasonal_rku,wheat_monthly_rku,corn_seasonal_rvg,wheat_seasonal_trd,wheat_monthly_trd,wheat_seasonal_rku,wheat_weekly_trd,wheat_weekly_rku,wheat_monthly_rsk,soybeans_monthly_rvg,soybeans_monthly_tru,wheat_weekly_rsk,wheat_weekly_lev,soybeans_weekly_rvb,wheat_weekly_jumps,corn_weekly_tru,soybeans_weekly_trd,wheat_monthly_lev,soybeans_monthly_jumps,soybeans_monthly_lev,corn_weekly_jumps",6.938527671271331e-06,0.001693628887273756,-3.1917194476956734,0.6891513930217492,0.7423275473024835,0.00010777192501088865,0.0033583083451743166,-3.192795084341193,-3.989495940801789,0.10281378889150239,wheat_weekly_rv,RV_target,4,"wheat_weekly_rv,wheat_monthly_rv,wheat_seasonal_rv","wheat_monthly_jumps,wheat_monthly_lev,wheat_monthly_rku,wheat_monthly_rsk,wheat_monthly_rvb,wheat_monthly_rvg,wheat_monthly_trd,wheat_monthly_tru,wheat_seasonal_jumps,wheat_seasonal_lev,wheat_seasonal_rku,wheat_seasonal_rsk,wheat_seasonal_rvb,wheat_seasonal_rvg,wheat_seasonal_trd,wheat_seasonal_tru,wheat_weekly_jumps,wheat_weekly_lev,wheat_weekly_rku,wheat_weekly_rsk,wheat_weekly_rvb,wheat_weekly_rvg,wheat_weekly_trd,wheat_weekly_tru,corn_monthly_jumps,corn_monthly_lev,corn_monthly_rku,corn_monthly_rsk,corn_monthly_rv,corn_monthly_rvb,corn_monthly_rvg,corn_monthly_trd,corn_monthly_tru,corn_seasonal_jumps,corn_seasonal_lev,corn_seasonal_rku,corn_seasonal_rsk,corn_seasonal_rv,corn_seasonal_rvb,corn_seasonal_rvg,corn_seasonal_trd,corn_seasonal_tru,corn_weekly_jumps,corn_weekly_lev,corn_weekly_rku,corn_weekly_rsk,corn_weekly_rv,corn_weekly_rvb,corn_weekly_rvg,corn_weekly_trd,corn_weekly_tru,soybeans_monthly_jumps,soybeans_monthly_lev,soybeans_monthly_rku,soybeans_monthly_rsk,soybeans_monthly_rv,soybeans_monthly_rvb,soybeans_monthly_rvg,soybeans_monthly_trd,soybeans_monthly_tru,soybeans_seasonal_jumps,soybeans_seasonal_lev,soybeans_seasonal_rku,soybeans_seasonal_rsk,soybeans_seasonal_rv,soybeans_seasonal_rvb,soybeans_seasonal_rvg,soybeans_seasonal_trd,soybeans_seasonal_tru,soybeans_weekly_jumps,soybeans_weekly_lev,soybeans_weekly_rku,soybeans_weekly_rsk,soybeans_weekly_rv,soybeans_weekly_rvb,soybeans_weekly_rvg,soybeans_weekly_trd,soybeans_weekly_tru,ssta_elino,ssta_lanina,dry,wet,SOI_index,NAO_index,Text_Climate_Anomaly",rolling,104,1,1,104.0,724,none,True,True,log,1e-10,True,1e-10,25,5.0,,,,,
ols_rolling,har_endo,27,"wheat_weekly_rv,wheat_monthly_rv,wheat_seasonal_rv,wheat_seasonal_rsk,wheat_weekly_rvg,wheat_weekly_tru,wheat_seasonal_lev,wheat_monthly_tru,wheat_weekly_rvb,wheat_monthly_jumps,wheat_weekly_rku,wheat_monthly_rvg,wheat_monthly_rsk,wheat_weekly_trd,wheat_seasonal_jumps,wheat_monthly_lev,wheat_weekly_jumps,wheat_seasonal_rku,wheat_monthly_rku,wheat_weekly_rsk,wheat_monthly_rvb,wheat_seasonal_rvb,wheat_seasonal_trd,wheat_seasonal_rvg,wheat_seasonal_tru,wheat_monthly_trd,wheat_weekly_lev",7.788833306197195e-06,0.0017794539339820229,-3.1907976637982913,0.6510573859578511,0.7204203655668656,0.00016400567846160572,0.003397924020363168,-3.1834963748762326,-6.59293913391589,-0.032470915802399025,wheat_weekly_rv,RV_target,4,"wheat_weekly_rv,wheat_monthly_rv,wheat_seasonal_rv","wheat_monthly_jumps,wheat_monthly_lev,wheat_monthly_rku,wheat_monthly_rsk,wheat_monthly_rvb,wheat_monthly_rvg,wheat_monthly_trd,wheat_monthly_tru,wheat_seasonal_jumps,wheat_seasonal_lev,wheat_seasonal_rku,wheat_seasonal_rsk,wheat_seasonal_rvb,wheat_seasonal_rvg,wheat_seasonal_trd,wheat_seasonal_tru,wheat_weekly_jumps,wheat_weekly_lev,wheat_weekly_rku,wheat_weekly_rsk,wheat_weekly_rvb,wheat_weekly_rvg,wheat_weekly_trd,wheat_weekly_tru",rolling,104,1,1,104.0,724,none,True,True,log,1e-10,True,1e-10,25,5.0,,,,,
