model_type,feature_set,n_selected,selected_features,train_mse,train_mae,train_qlike,train_r2,train_r2log,test_mse,test_mae,test_qlike,test_r2,test_r2log,target_col_raw,target_col_model,target_horizon,core_columns,extra_feature_cols,window_type,initial_train_size,window_test_size,window_step,rolling_window_size,n_windows,selection_method,model_add_constant,model_standardize_features,model_target_transform,model_prediction_floor,model_log_transform_rv_features,model_feature_floor,lasso_best_alpha,bsr_alpha,bsr_window_type,bsr_window_size,bsr_step,grid_search_best_candidate_idx,grid_search_n_candidates,grid_search_metric,grid_search_metric_value
bsr_expanding,har_endo_exogenous_climate_news,79,"wheat_weekly_rv,wheat_monthly_rv,wheat_seasonal_rv,wheat_monthly_rsk,wheat_monthly_rvb,wheat_monthly_rvg,wheat_monthly_tru,wheat_seasonal_lev,wheat_seasonal_rku,wheat_seasonal_rsk,wheat_seasonal_rvg,wheat_seasonal_trd,wheat_weekly_rku,corn_monthly_jumps,corn_monthly_rvb,corn_monthly_trd,corn_seasonal_jumps,corn_weekly_tru,soybeans_monthly_rku,soybeans_monthly_rvg,soybeans_seasonal_jumps,soybeans_seasonal_rv,soybeans_seasonal_rvg,soybeans_seasonal_trd,ssta_elino,wet,NAO_index,Text_Climate_Anomaly,wheat_seasonal_tru,corn_monthly_lev,corn_monthly_rsk,corn_seasonal_rku,corn_seasonal_rv,corn_seasonal_rvg,corn_seasonal_tru,soybeans_seasonal_rku,soybeans_seasonal_tru,SOI_index,corn_monthly_rku,corn_monthly_rvg,corn_weekly_lev,corn_weekly_rku,corn_weekly_rv,corn_weekly_rvg,soybeans_monthly_lev,soybeans_monthly_rvb,soybeans_monthly_trd,soybeans_monthly_tru,soybeans_seasonal_lev,soybeans_seasonal_rvb,wheat_seasonal_jumps,corn_seasonal_rsk,corn_seasonal_rvb,frbsf_sentiment,wheat_weekly_jumps,wheat_weekly_rvb,corn_monthly_rv,corn_seasonal_lev,soybeans_seasonal_rsk,soybeans_weekly_rv,soybeans_weekly_rvb,soybeans_weekly_rvg,soybeans_monthly_rsk,wheat_monthly_jumps,wheat_seasonal_rvb,wheat_weekly_rvg,soybeans_monthly_rv,soybeans_weekly_jumps,soybeans_weekly_trd,soybeans_monthly_jumps,ssta_lanina,wheat_monthly_trd,corn_seasonal_trd,epu_index,corn_weekly_rvb,wheat_monthly_lev,corn_weekly_jumps,corn_weekly_rsk,corn_weekly_trd",1.0870478679749007e-05,0.0021187730294055535,-3.186759837591539,0.5169682058632277,0.5850732442588387,1.215573204219663e-05,0.002486759052277297,-3.163650411241886,0.2491325649847248,0.23686221964006393,wheat_weekly_rv,RV_target,12,"wheat_weekly_rv,wheat_monthly_rv,wheat_seasonal_rv","wheat_monthly_jumps,wheat_monthly_lev,wheat_monthly_rku,wheat_monthly_rsk,wheat_monthly_rvb,wheat_monthly_rvg,wheat_monthly_trd,wheat_monthly_tru,wheat_seasonal_jumps,wheat_seasonal_lev,wheat_seasonal_rku,wheat_seasonal_rsk,wheat_seasonal_rvb,wheat_seasonal_rvg,wheat_seasonal_trd,wheat_seasonal_tru,wheat_weekly_jumps,wheat_weekly_lev,wheat_weekly_rku,wheat_weekly_rsk,wheat_weekly_rvb,wheat_weekly_rvg,wheat_weekly_trd,wheat_weekly_tru,corn_monthly_jumps,corn_monthly_lev,corn_monthly_rku,corn_monthly_rsk,corn_monthly_rv,corn_monthly_rvb,corn_monthly_rvg,corn_monthly_trd,corn_monthly_tru,corn_seasonal_jumps,corn_seasonal_lev,corn_seasonal_rku,corn_seasonal_rsk,corn_seasonal_rv,corn_seasonal_rvb,corn_seasonal_rvg,corn_seasonal_trd,corn_seasonal_tru,corn_weekly_jumps,corn_weekly_lev,corn_weekly_rku,corn_weekly_rsk,corn_weekly_rv,corn_weekly_rvb,corn_weekly_rvg,corn_weekly_trd,corn_weekly_tru,soybeans_monthly_jumps,soybeans_monthly_lev,soybeans_monthly_rku,soybeans_monthly_rsk,soybeans_monthly_rv,soybeans_monthly_rvb,soybeans_monthly_rvg,soybeans_monthly_trd,soybeans_monthly_tru,soybeans_seasonal_jumps,soybeans_seasonal_lev,soybeans_seasonal_rku,soybeans_seasonal_rsk,soybeans_seasonal_rv,soybeans_seasonal_rvb,soybeans_seasonal_rvg,soybeans_seasonal_trd,soybeans_seasonal_tru,soybeans_weekly_jumps,soybeans_weekly_lev,soybeans_weekly_rku,soybeans_weekly_rsk,soybeans_weekly_rv,soybeans_weekly_rvb,soybeans_weekly_rvg,soybeans_weekly_trd,soybeans_weekly_tru,ssta_elino,ssta_lanina,dry,wet,SOI_index,NAO_index,Text_Climate_Anomaly,frbsf_sentiment,epu_index",expanding,364,1,4,,114,bsr,True,False,log,1e-10,True,1e-10,,0.05,full,,1.0,66,80,test_r2,0.2491325649847248
bsr_expanding,har_endo_exogenous_climate,77,"wheat_weekly_rv,wheat_monthly_rv,wheat_seasonal_rv,wheat_monthly_rku,wheat_monthly_rsk,wheat_monthly_rvb,wheat_monthly_rvg,wheat_monthly_tru,wheat_seasonal_lev,wheat_seasonal_rku,wheat_seasonal_rsk,wheat_seasonal_rvg,wheat_seasonal_trd,wheat_weekly_jumps,wheat_weekly_rku,wheat_weekly_rsk,wheat_weekly_rvb,corn_monthly_lev,corn_monthly_rv,corn_monthly_trd,corn_seasonal_rku,corn_seasonal_rv,corn_seasonal_rvg,corn_seasonal_tru,corn_weekly_tru,soybeans_monthly_rsk,soybeans_monthly_rvb,soybeans_monthly_rvg,soybeans_monthly_tru,soybeans_seasonal_jumps,soybeans_seasonal_rv,soybeans_seasonal_rvg,soybeans_seasonal_trd,ssta_elino,wet,SOI_index,wheat_monthly_jumps,wheat_seasonal_tru,corn_monthly_rsk,corn_seasonal_jumps,corn_seasonal_lev,corn_seasonal_rvb,corn_seasonal_trd,corn_weekly_lev,corn_weekly_rku,corn_weekly_rv,corn_weekly_rvg,soybeans_monthly_rku,soybeans_seasonal_rku,soybeans_seasonal_tru,Text_Climate_Anomaly,corn_monthly_rku,corn_seasonal_rsk,soybeans_monthly_lev,soybeans_monthly_trd,soybeans_seasonal_lev,soybeans_seasonal_rvb,wheat_seasonal_jumps,wheat_weekly_trd,corn_monthly_rvb,soybeans_weekly_rv,soybeans_weekly_rvb,soybeans_weekly_rvg,soybeans_seasonal_rsk,corn_monthly_rvg,wheat_seasonal_rvb,soybeans_weekly_trd,wheat_weekly_rvg,soybeans_monthly_rv,soybeans_weekly_jumps,wheat_monthly_trd,ssta_lanina,corn_weekly_jumps,corn_weekly_rvb,corn_weekly_trd,wheat_monthly_lev,soybeans_monthly_jumps",1.1193760296484103e-05,0.002138978493964065,-3.1863352524223143,0.5026031255440051,0.5758938410123087,1.2297830870111876e-05,0.0024665642977749307,-3.162232913307753,0.24035502842295997,0.2058911778310485,wheat_weekly_rv,RV_target,12,"wheat_weekly_rv,wheat_monthly_rv,wheat_seasonal_rv","wheat_monthly_jumps,wheat_monthly_lev,wheat_monthly_rku,wheat_monthly_rsk,wheat_monthly_rvb,wheat_monthly_rvg,wheat_monthly_trd,wheat_monthly_tru,wheat_seasonal_jumps,wheat_seasonal_lev,wheat_seasonal_rku,wheat_seasonal_rsk,wheat_seasonal_rvb,wheat_seasonal_rvg,wheat_seasonal_trd,wheat_seasonal_tru,wheat_weekly_jumps,wheat_weekly_lev,wheat_weekly_rku,wheat_weekly_rsk,wheat_weekly_rvb,wheat_weekly_rvg,wheat_weekly_trd,wheat_weekly_tru,corn_monthly_jumps,corn_monthly_lev,corn_monthly_rku,corn_monthly_rsk,corn_monthly_rv,corn_monthly_rvb,corn_monthly_rvg,corn_monthly_trd,corn_monthly_tru,corn_seasonal_jumps,corn_seasonal_lev,corn_seasonal_rku,corn_seasonal_rsk,corn_seasonal_rv,corn_seasonal_rvb,corn_seasonal_rvg,corn_seasonal_trd,corn_seasonal_tru,corn_weekly_jumps,corn_weekly_lev,corn_weekly_rku,corn_weekly_rsk,corn_weekly_rv,corn_weekly_rvb,corn_weekly_rvg,corn_weekly_trd,corn_weekly_tru,soybeans_monthly_jumps,soybeans_monthly_lev,soybeans_monthly_rku,soybeans_monthly_rsk,soybeans_monthly_rv,soybeans_monthly_rvb,soybeans_monthly_rvg,soybeans_monthly_trd,soybeans_monthly_tru,soybeans_seasonal_jumps,soybeans_seasonal_lev,soybeans_seasonal_rku,soybeans_seasonal_rsk,soybeans_seasonal_rv,soybeans_seasonal_rvb,soybeans_seasonal_rvg,soybeans_seasonal_trd,soybeans_seasonal_tru,soybeans_weekly_jumps,soybeans_weekly_lev,soybeans_weekly_rku,soybeans_weekly_rsk,soybeans_weekly_rv,soybeans_weekly_rvb,soybeans_weekly_rvg,soybeans_weekly_trd,soybeans_weekly_tru,ssta_elino,ssta_lanina,dry,wet,SOI_index,NAO_index,Text_Climate_Anomaly",expanding,364,1,4,,114,bsr,True,False,log,1e-10,True,1e-10,,0.05,full,,1.0,66,80,test_r2,0.24035502842295997
bsr_expanding,har,3,"wheat_weekly_rv,wheat_monthly_rv,wheat_seasonal_rv",1.991154126173176e-05,0.0030012276862248673,-3.1697723978459793,0.11522686506895075,0.17262317809322436,1.399538337318178e-05,0.00262454620870198,-3.1934341731799814,0.15449570823861225,0.17074504769776488,wheat_weekly_rv,RV_target,12,"wheat_weekly_rv,wheat_monthly_rv,wheat_seasonal_rv",,expanding,208,1,8,,77,bsr,True,False,log,1e-10,True,1e-10,,0.05,full,,1.0,19,80,test_r2,0.15449570823861225
bsr_expanding,har_endo,19,"wheat_weekly_rv,wheat_monthly_rv,wheat_seasonal_rv,wheat_seasonal_lev,wheat_seasonal_rsk,wheat_seasonal_rvb,wheat_seasonal_trd,wheat_seasonal_tru,wheat_weekly_rsk,wheat_monthly_jumps,wheat_monthly_rsk,wheat_monthly_rvb,wheat_monthly_rvg,wheat_seasonal_jumps,wheat_seasonal_rvg,wheat_seasonal_rku,wheat_weekly_rku,wheat_weekly_rvg,wheat_monthly_lev",1.7579349755390583e-05,0.0027494653692250594,-3.1740662831517668,0.21885823961707973,0.28605643325929764,1.4017589675012957e-05,0.002738506882843387,-3.1901498291555024,0.15315415702834767,0.07711969065034219,wheat_weekly_rv,RV_target,12,"wheat_weekly_rv,wheat_monthly_rv,wheat_seasonal_rv","wheat_monthly_jumps,wheat_monthly_lev,wheat_monthly_rku,wheat_monthly_rsk,wheat_monthly_rvb,wheat_monthly_rvg,wheat_monthly_trd,wheat_monthly_tru,wheat_seasonal_jumps,wheat_seasonal_lev,wheat_seasonal_rku,wheat_seasonal_rsk,wheat_seasonal_rvb,wheat_seasonal_rvg,wheat_seasonal_trd,wheat_seasonal_tru,wheat_weekly_jumps,wheat_weekly_lev,wheat_weekly_rku,wheat_weekly_rsk,wheat_weekly_rvb,wheat_weekly_rvg,wheat_weekly_trd,wheat_weekly_tru",expanding,208,1,8,,77,bsr,True,False,log,1e-10,True,1e-10,,0.05,full,,1.0,19,80,test_r2,0.15315415702834767
bsr_expanding,har_endo_exo,61,"wheat_weekly_rv,wheat_monthly_rv,wheat_seasonal_rv,wheat_monthly_lev,wheat_monthly_rsk,wheat_seasonal_lev,wheat_seasonal_rku,wheat_seasonal_rsk,wheat_seasonal_rvg,wheat_seasonal_trd,corn_monthly_tru,corn_seasonal_jumps,corn_seasonal_rku,soybeans_monthly_rku,soybeans_monthly_rv,soybeans_seasonal_jumps,soybeans_seasonal_rv,soybeans_seasonal_rvg,soybeans_seasonal_trd,soybeans_weekly_rv,wheat_monthly_rvg,wheat_monthly_trd,wheat_monthly_tru,wheat_seasonal_tru,wheat_weekly_rku,corn_monthly_jumps,corn_seasonal_rv,corn_weekly_tru,soybeans_monthly_rvg,soybeans_monthly_tru,soybeans_seasonal_rku,soybeans_weekly_rvb,soybeans_weekly_rvg,wheat_monthly_rvb,wheat_seasonal_rvb,wheat_weekly_rvb,corn_monthly_rv,soybeans_monthly_rvb,soybeans_seasonal_rsk,soybeans_seasonal_rvb,corn_monthly_rku,corn_seasonal_rsk,corn_seasonal_rvg,wheat_monthly_jumps,corn_monthly_lev,corn_monthly_rvb,corn_monthly_rvg,corn_seasonal_trd,soybeans_monthly_rsk,wheat_weekly_rvg,corn_monthly_rsk,corn_seasonal_lev,soybeans_monthly_lev,soybeans_seasonal_lev,soybeans_weekly_jumps,soybeans_weekly_trd,corn_monthly_trd,corn_weekly_jumps,soybeans_seasonal_tru,corn_seasonal_rvb,soybeans_monthly_trd",1.258531568622068e-05,0.0022841344583571133,-3.1840167600509326,0.4407690963031996,0.5186222657264528,1.4962659720159722e-05,0.0028536293567383735,-3.159612792737928,0.170781632556675,0.07975586961272707,wheat_weekly_rv,RV_target,12,"wheat_weekly_rv,wheat_monthly_rv,wheat_seasonal_rv","wheat_monthly_jumps,wheat_monthly_lev,wheat_monthly_rku,wheat_monthly_rsk,wheat_monthly_rvb,wheat_monthly_rvg,wheat_monthly_trd,wheat_monthly_tru,wheat_seasonal_jumps,wheat_seasonal_lev,wheat_seasonal_rku,wheat_seasonal_rsk,wheat_seasonal_rvb,wheat_seasonal_rvg,wheat_seasonal_trd,wheat_seasonal_tru,wheat_weekly_jumps,wheat_weekly_lev,wheat_weekly_rku,wheat_weekly_rsk,wheat_weekly_rvb,wheat_weekly_rvg,wheat_weekly_trd,wheat_weekly_tru,corn_monthly_jumps,corn_monthly_lev,corn_monthly_rku,corn_monthly_rsk,corn_monthly_rv,corn_monthly_rvb,corn_monthly_rvg,corn_monthly_trd,corn_monthly_tru,corn_seasonal_jumps,corn_seasonal_lev,corn_seasonal_rku,corn_seasonal_rsk,corn_seasonal_rv,corn_seasonal_rvb,corn_seasonal_rvg,corn_seasonal_trd,corn_seasonal_tru,corn_weekly_jumps,corn_weekly_lev,corn_weekly_rku,corn_weekly_rsk,corn_weekly_rv,corn_weekly_rvb,corn_weekly_rvg,corn_weekly_trd,corn_weekly_tru,soybeans_monthly_jumps,soybeans_monthly_lev,soybeans_monthly_rku,soybeans_monthly_rsk,soybeans_monthly_rv,soybeans_monthly_rvb,soybeans_monthly_rvg,soybeans_monthly_trd,soybeans_monthly_tru,soybeans_seasonal_jumps,soybeans_seasonal_lev,soybeans_seasonal_rku,soybeans_seasonal_rsk,soybeans_seasonal_rv,soybeans_seasonal_rvb,soybeans_seasonal_rvg,soybeans_seasonal_trd,soybeans_seasonal_tru,soybeans_weekly_jumps,soybeans_weekly_lev,soybeans_weekly_rku,soybeans_weekly_rsk,soybeans_weekly_rv,soybeans_weekly_rvb,soybeans_weekly_rvg,soybeans_weekly_trd,soybeans_weekly_tru",expanding,312,1,8,,64,bsr,True,False,log,1e-10,True,1e-10,,0.05,full,,1.0,51,80,test_r2,0.170781632556675
bsr_expanding,har__all,84,"wheat_weekly_rv,wheat_monthly_rv,wheat_seasonal_rv,wheat_monthly_rku,wheat_monthly_rsk,wheat_monthly_rvg,wheat_monthly_tru,wheat_seasonal_lev,wheat_seasonal_rku,wheat_seasonal_rsk,wheat_seasonal_rvb,wheat_seasonal_trd,wheat_seasonal_tru,corn_monthly_jumps,corn_monthly_lev,corn_monthly_rv,corn_monthly_trd,corn_seasonal_jumps,corn_seasonal_rku,corn_seasonal_rv,corn_seasonal_rvg,corn_seasonal_trd,soybeans_monthly_lev,soybeans_monthly_rvb,soybeans_monthly_rvg,soybeans_monthly_tru,soybeans_seasonal_rku,soybeans_seasonal_rvg,soybeans_seasonal_trd,soybeans_seasonal_tru,soybeans_weekly_lev,soybeans_weekly_rvg,soybeans_weekly_tru,wet,SOI_index,NAO_index,DJIA_Index,Broad_Dollar_index,wheat_seasonal_rvg,corn_weekly_tru,WTI_Index,Stock_Uncertainty,wheat_monthly_rvb,corn_weekly_jumps,corn_weekly_rku,soybeans_weekly_rvb,ssta_elino,frbsf_sentiment,soybeans_monthly_rsk,soybeans_seasonal_jumps,soybeans_seasonal_lev,Text_Climate_Anomaly,corn_seasonal_lev,corn_weekly_lev,corn_weekly_rv,corn_weekly_rvg,ssta_lanina,wheat_seasonal_jumps,wheat_weekly_jumps,wheat_weekly_rku,wheat_weekly_rsk,wheat_weekly_trd,corn_monthly_rku,corn_monthly_rvg,corn_seasonal_rsk,corn_seasonal_tru,soybeans_seasonal_rsk,soybeans_seasonal_rv,soybeans_seasonal_rvb,corn_monthly_rvb,corn_weekly_rsk,corn_seasonal_rvb,soybeans_monthly_trd,soybeans_weekly_rv,soybeans_weekly_jumps,soybeans_weekly_trd,wheat_monthly_jumps,wheat_monthly_trd,soybeans_monthly_rku,corn_weekly_rvb,soybeans_monthly_jumps,soybeans_monthly_rv,epu_index,corn_weekly_trd",1.0405479693986897e-05,0.002071675081519069,-3.179233611259849,0.555722709070831,0.6196846201503485,1.7157536461841795e-05,0.0030100550529269542,-3.1634058670318033,0.1738238902865712,0.08925799706560233,wheat_weekly_rv,RV_target,12,"wheat_weekly_rv,wheat_monthly_rv,wheat_seasonal_rv","wheat_monthly_jumps,wheat_monthly_lev,wheat_monthly_rku,wheat_monthly_rsk,wheat_monthly_rvb,wheat_monthly_rvg,wheat_monthly_trd,wheat_monthly_tru,wheat_seasonal_jumps,wheat_seasonal_lev,wheat_seasonal_rku,wheat_seasonal_rsk,wheat_seasonal_rvb,wheat_seasonal_rvg,wheat_seasonal_trd,wheat_seasonal_tru,wheat_weekly_jumps,wheat_weekly_lev,wheat_weekly_rku,wheat_weekly_rsk,wheat_weekly_rvb,wheat_weekly_rvg,wheat_weekly_trd,wheat_weekly_tru,corn_monthly_jumps,corn_monthly_lev,corn_monthly_rku,corn_monthly_rsk,corn_monthly_rv,corn_monthly_rvb,corn_monthly_rvg,corn_monthly_trd,corn_monthly_tru,corn_seasonal_jumps,corn_seasonal_lev,corn_seasonal_rku,corn_seasonal_rsk,corn_seasonal_rv,corn_seasonal_rvb,corn_seasonal_rvg,corn_seasonal_trd,corn_seasonal_tru,corn_weekly_jumps,corn_weekly_lev,corn_weekly_rku,corn_weekly_rsk,corn_weekly_rv,corn_weekly_rvb,corn_weekly_rvg,corn_weekly_trd,corn_weekly_tru,soybeans_monthly_jumps,soybeans_monthly_lev,soybeans_monthly_rku,soybeans_monthly_rsk,soybeans_monthly_rv,soybeans_monthly_rvb,soybeans_monthly_rvg,soybeans_monthly_trd,soybeans_monthly_tru,soybeans_seasonal_jumps,soybeans_seasonal_lev,soybeans_seasonal_rku,soybeans_seasonal_rsk,soybeans_seasonal_rv,soybeans_seasonal_rvb,soybeans_seasonal_rvg,soybeans_seasonal_trd,soybeans_seasonal_tru,soybeans_weekly_jumps,soybeans_weekly_lev,soybeans_weekly_rku,soybeans_weekly_rsk,soybeans_weekly_rv,soybeans_weekly_rvb,soybeans_weekly_rvg,soybeans_weekly_trd,soybeans_weekly_tru,ssta_elino,ssta_lanina,dry,wet,SOI_index,NAO_index,Text_Climate_Anomaly,frbsf_sentiment,epu_index,DJIA_Index,WTI_Index,Broad_Dollar_index,Stock_Uncertainty",expanding,260,1,2,,226,bsr,True,False,log,1e-10,True,1e-10,,0.05,full,,1.0,33,80,test_r2,0.1738238902865712
bsr_rolling,har_endo_exo,81,"wheat_weekly_rv,wheat_monthly_rv,wheat_seasonal_rv,wheat_monthly_lev,wheat_monthly_rsk,wheat_monthly_tru,wheat_seasonal_lev,wheat_seasonal_rku,wheat_seasonal_rsk,wheat_seasonal_trd,corn_monthly_lev,corn_monthly_rv,corn_monthly_rvb,corn_monthly_tru,corn_seasonal_lev,corn_seasonal_rvb,corn_seasonal_rvg,corn_weekly_lev,corn_weekly_rsk,soybeans_monthly_rv,soybeans_seasonal_lev,soybeans_seasonal_rku,soybeans_seasonal_rv,soybeans_seasonal_rvg,soybeans_seasonal_tru,soybeans_weekly_rvb,wheat_weekly_rsk,corn_monthly_rku,corn_seasonal_jumps,corn_seasonal_rku,corn_seasonal_rv,corn_weekly_rvb,corn_weekly_rvg,corn_weekly_tru,soybeans_monthly_rku,soybeans_monthly_rvb,soybeans_monthly_tru,soybeans_seasonal_jumps,soybeans_seasonal_rvb,soybeans_weekly_rku,soybeans_weekly_rv,wheat_monthly_jumps,wheat_monthly_rvg,wheat_monthly_trd,wheat_seasonal_jumps,wheat_seasonal_rvb,wheat_seasonal_rvg,wheat_seasonal_tru,wheat_weekly_rvg,corn_monthly_rsk,corn_monthly_rvg,corn_seasonal_rsk,corn_seasonal_trd,corn_weekly_jumps,soybeans_monthly_rvg,soybeans_seasonal_rsk,soybeans_seasonal_trd,wheat_monthly_rvb,wheat_weekly_lev,wheat_weekly_rvb,corn_seasonal_tru,corn_weekly_rv,corn_weekly_trd,soybeans_weekly_lev,soybeans_weekly_rvg,soybeans_weekly_tru,corn_monthly_trd,soybeans_monthly_lev,soybeans_weekly_rsk,corn_monthly_jumps,soybeans_monthly_rsk,soybeans_monthly_trd,soybeans_weekly_trd,corn_weekly_rku,wheat_weekly_rku,wheat_weekly_trd,wheat_weekly_tru,soybeans_monthly_jumps,wheat_monthly_rku,wheat_weekly_jumps,soybeans_weekly_jumps",5.340057374598386e-06,0.0014762873629460033,-3.195825037516523,0.762713531718631,0.808967259125547,1.036286824157522e-05,0.002475564166013188,-3.2005704397648467,0.26761023155611496,0.20153571292565686,wheat_weekly_rv,RV_target,12,"wheat_weekly_rv,wheat_monthly_rv,wheat_seasonal_rv","wheat_monthly_jumps,wheat_monthly_lev,wheat_monthly_rku,wheat_monthly_rsk,wheat_monthly_rvb,wheat_monthly_rvg,wheat_monthly_trd,wheat_monthly_tru,wheat_seasonal_jumps,wheat_seasonal_lev,wheat_seasonal_rku,wheat_seasonal_rsk,wheat_seasonal_rvb,wheat_seasonal_rvg,wheat_seasonal_trd,wheat_seasonal_tru,wheat_weekly_jumps,wheat_weekly_lev,wheat_weekly_rku,wheat_weekly_rsk,wheat_weekly_rvb,wheat_weekly_rvg,wheat_weekly_trd,wheat_weekly_tru,corn_monthly_jumps,corn_monthly_lev,corn_monthly_rku,corn_monthly_rsk,corn_monthly_rv,corn_monthly_rvb,corn_monthly_rvg,corn_monthly_trd,corn_monthly_tru,corn_seasonal_jumps,corn_seasonal_lev,corn_seasonal_rku,corn_seasonal_rsk,corn_seasonal_rv,corn_seasonal_rvb,corn_seasonal_rvg,corn_seasonal_trd,corn_seasonal_tru,corn_weekly_jumps,corn_weekly_lev,corn_weekly_rku,corn_weekly_rsk,corn_weekly_rv,corn_weekly_rvb,corn_weekly_rvg,corn_weekly_trd,corn_weekly_tru,soybeans_monthly_jumps,soybeans_monthly_lev,soybeans_monthly_rku,soybeans_monthly_rsk,soybeans_monthly_rv,soybeans_monthly_rvb,soybeans_monthly_rvg,soybeans_monthly_trd,soybeans_monthly_tru,soybeans_seasonal_jumps,soybeans_seasonal_lev,soybeans_seasonal_rku,soybeans_seasonal_rsk,soybeans_seasonal_rv,soybeans_seasonal_rvb,soybeans_seasonal_rvg,soybeans_seasonal_trd,soybeans_seasonal_tru,soybeans_weekly_jumps,soybeans_weekly_lev,soybeans_weekly_rku,soybeans_weekly_rsk,soybeans_weekly_rv,soybeans_weekly_rvb,soybeans_weekly_rvg,soybeans_weekly_trd,soybeans_weekly_tru",rolling,156,1,4,156.0,166,bsr,True,False,log,1e-10,True,1e-10,,0.05,full,104.0,1.0,2,80,test_r2,0.26761023155611496
bsr_rolling,har,3,"wheat_weekly_rv,wheat_monthly_rv,wheat_seasonal_rv",1.840877399941673e-05,0.0028021159533659426,-3.173243178519221,0.1858395602116144,0.2705780744093481,1.1368070246136778e-05,0.002493783083042641,-3.1840481472723487,0.0864842351295475,0.1550936967396025,wheat_weekly_rv,RV_target,12,"wheat_weekly_rv,wheat_monthly_rv,wheat_seasonal_rv",,rolling,260,1,8,260.0,70,bsr,True,False,log,1e-10,True,1e-10,,0.05,full,104.0,1.0,35,80,test_r2,0.0864842351295475
bsr_rolling,har_endo_exogenous_climate_news,84,"wheat_weekly_rv,wheat_monthly_rv,wheat_seasonal_rv,wheat_monthly_rsk,wheat_monthly_rvb,wheat_monthly_rvg,wheat_monthly_tru,wheat_seasonal_lev,wheat_seasonal_rku,wheat_seasonal_rsk,wheat_seasonal_rvg,wheat_seasonal_trd,wheat_weekly_rku,corn_monthly_jumps,corn_monthly_rvb,corn_monthly_trd,corn_seasonal_jumps,corn_weekly_tru,soybeans_monthly_rku,soybeans_monthly_rvg,soybeans_seasonal_jumps,soybeans_seasonal_rv,soybeans_seasonal_rvg,soybeans_seasonal_trd,ssta_elino,wet,NAO_index,Text_Climate_Anomaly,wheat_seasonal_tru,corn_monthly_lev,corn_monthly_rku,corn_monthly_rsk,corn_seasonal_lev,corn_seasonal_rku,corn_seasonal_rv,corn_seasonal_rvb,corn_seasonal_rvg,corn_seasonal_trd,corn_seasonal_tru,corn_weekly_rvg,soybeans_seasonal_rku,soybeans_seasonal_tru,soybeans_weekly_rv,SOI_index,frbsf_sentiment,wheat_seasonal_rvb,corn_weekly_lev,corn_weekly_rku,corn_weekly_rv,soybeans_monthly_lev,soybeans_monthly_rvb,soybeans_monthly_trd,soybeans_seasonal_lev,soybeans_seasonal_rvb,corn_seasonal_rsk,soybeans_monthly_jumps,soybeans_monthly_tru,wheat_monthly_lev,corn_monthly_rv,soybeans_weekly_lev,soybeans_weekly_rvb,wheat_monthly_trd,wheat_weekly_lev,wheat_weekly_rsk,soybeans_seasonal_rsk,ssta_lanina,wheat_seasonal_jumps,corn_monthly_rvg,soybeans_monthly_rsk,soybeans_weekly_rvg,corn_weekly_rvb,soybeans_weekly_rsk,wheat_weekly_rvb,wheat_weekly_trd,corn_weekly_rsk,soybeans_weekly_jumps,soybeans_weekly_trd,wheat_monthly_rku,corn_weekly_jumps,wheat_monthly_jumps,corn_monthly_tru,soybeans_monthly_rv,corn_weekly_trd,epu_index",8.379377745929589e-06,0.0018653522614851246,-3.1912517731682177,0.6276607511400254,0.6915766813457186,1.1417591733108426e-05,0.002650569266324871,-3.1663649819293753,0.2947279695759474,0.2891712850859618,wheat_weekly_rv,RV_target,12,"wheat_weekly_rv,wheat_monthly_rv,wheat_seasonal_rv","wheat_monthly_jumps,wheat_monthly_lev,wheat_monthly_rku,wheat_monthly_rsk,wheat_monthly_rvb,wheat_monthly_rvg,wheat_monthly_trd,wheat_monthly_tru,wheat_seasonal_jumps,wheat_seasonal_lev,wheat_seasonal_rku,wheat_seasonal_rsk,wheat_seasonal_rvb,wheat_seasonal_rvg,wheat_seasonal_trd,wheat_seasonal_tru,wheat_weekly_jumps,wheat_weekly_lev,wheat_weekly_rku,wheat_weekly_rsk,wheat_weekly_rvb,wheat_weekly_rvg,wheat_weekly_trd,wheat_weekly_tru,corn_monthly_jumps,corn_monthly_lev,corn_monthly_rku,corn_monthly_rsk,corn_monthly_rv,corn_monthly_rvb,corn_monthly_rvg,corn_monthly_trd,corn_monthly_tru,corn_seasonal_jumps,corn_seasonal_lev,corn_seasonal_rku,corn_seasonal_rsk,corn_seasonal_rv,corn_seasonal_rvb,corn_seasonal_rvg,corn_seasonal_trd,corn_seasonal_tru,corn_weekly_jumps,corn_weekly_lev,corn_weekly_rku,corn_weekly_rsk,corn_weekly_rv,corn_weekly_rvb,corn_weekly_rvg,corn_weekly_trd,corn_weekly_tru,soybeans_monthly_jumps,soybeans_monthly_lev,soybeans_monthly_rku,soybeans_monthly_rsk,soybeans_monthly_rv,soybeans_monthly_rvb,soybeans_monthly_rvg,soybeans_monthly_trd,soybeans_monthly_tru,soybeans_seasonal_jumps,soybeans_seasonal_lev,soybeans_seasonal_rku,soybeans_seasonal_rsk,soybeans_seasonal_rv,soybeans_seasonal_rvb,soybeans_seasonal_rvg,soybeans_seasonal_trd,soybeans_seasonal_tru,soybeans_weekly_jumps,soybeans_weekly_lev,soybeans_weekly_rku,soybeans_weekly_rsk,soybeans_weekly_rv,soybeans_weekly_rvb,soybeans_weekly_rvg,soybeans_weekly_trd,soybeans_weekly_tru,ssta_elino,ssta_lanina,dry,wet,SOI_index,NAO_index,Text_Climate_Anomaly,frbsf_sentiment,epu_index",rolling,364,1,4,364.0,114,bsr,True,False,log,1e-10,True,1e-10,,0.05,full,104.0,1.0,66,80,test_r2,0.2947279695759474
bsr_rolling,har__all,88,"wheat_weekly_rv,wheat_monthly_rv,wheat_seasonal_rv,wheat_monthly_lev,wheat_monthly_rsk,wheat_seasonal_lev,wheat_seasonal_rku,wheat_seasonal_rsk,wheat_seasonal_tru,corn_monthly_lev,corn_monthly_rv,corn_monthly_rvb,corn_seasonal_lev,corn_seasonal_trd,corn_seasonal_tru,corn_weekly_lev,corn_weekly_rsk,soybeans_monthly_rvg,soybeans_monthly_tru,soybeans_seasonal_tru,soybeans_weekly_trd,ssta_lanina,SOI_index,Broad_Dollar_index,Stock_Uncertainty,wheat_monthly_jumps,wheat_monthly_rvg,wheat_monthly_tru,wheat_seasonal_rvg,corn_seasonal_jumps,corn_seasonal_rsk,corn_seasonal_rv,corn_weekly_jumps,corn_weekly_rvb,corn_weekly_trd,soybeans_monthly_rv,soybeans_monthly_rvb,soybeans_seasonal_rv,soybeans_seasonal_rvb,soybeans_seasonal_trd,soybeans_weekly_rsk,frbsf_sentiment,wheat_seasonal_jumps,wheat_weekly_rsk,corn_monthly_jumps,corn_monthly_trd,soybeans_monthly_lev,soybeans_monthly_rku,soybeans_seasonal_jumps,soybeans_weekly_tru,wet,Text_Climate_Anomaly,DJIA_Index,WTI_Index,corn_monthly_rsk,corn_monthly_rvg,soybeans_seasonal_rku,soybeans_seasonal_rvg,soybeans_weekly_rv,soybeans_weekly_rvb,wheat_monthly_rvb,wheat_monthly_trd,wheat_seasonal_trd,wheat_weekly_rku,wheat_weekly_rvb,wheat_weekly_trd,corn_monthly_rku,corn_monthly_tru,soybeans_monthly_trd,soybeans_seasonal_lev,soybeans_seasonal_rsk,ssta_elino,wheat_weekly_jumps,corn_seasonal_rvb,corn_seasonal_rvg,soybeans_monthly_jumps,soybeans_weekly_jumps,soybeans_weekly_rku,soybeans_weekly_rvg,wheat_weekly_lev,corn_seasonal_rku,corn_weekly_rku,corn_weekly_rv,corn_weekly_rvg,wheat_seasonal_rvb,soybeans_monthly_rsk,NAO_index,epu_index",6.66964181405632e-06,0.0016169185239297225,-3.184911549756768,0.7157289020150432,0.77423999784159,1.2177879242145446e-05,0.0028761686178381362,-3.201227523013294,0.1989660276824634,0.08577434989743216,wheat_weekly_rv,RV_target,12,"wheat_weekly_rv,wheat_monthly_rv,wheat_seasonal_rv","wheat_monthly_jumps,wheat_monthly_lev,wheat_monthly_rku,wheat_monthly_rsk,wheat_monthly_rvb,wheat_monthly_rvg,wheat_monthly_trd,wheat_monthly_tru,wheat_seasonal_jumps,wheat_seasonal_lev,wheat_seasonal_rku,wheat_seasonal_rsk,wheat_seasonal_rvb,wheat_seasonal_rvg,wheat_seasonal_trd,wheat_seasonal_tru,wheat_weekly_jumps,wheat_weekly_lev,wheat_weekly_rku,wheat_weekly_rsk,wheat_weekly_rvb,wheat_weekly_rvg,wheat_weekly_trd,wheat_weekly_tru,corn_monthly_jumps,corn_monthly_lev,corn_monthly_rku,corn_monthly_rsk,corn_monthly_rv,corn_monthly_rvb,corn_monthly_rvg,corn_monthly_trd,corn_monthly_tru,corn_seasonal_jumps,corn_seasonal_lev,corn_seasonal_rku,corn_seasonal_rsk,corn_seasonal_rv,corn_seasonal_rvb,corn_seasonal_rvg,corn_seasonal_trd,corn_seasonal_tru,corn_weekly_jumps,corn_weekly_lev,corn_weekly_rku,corn_weekly_rsk,corn_weekly_rv,corn_weekly_rvb,corn_weekly_rvg,corn_weekly_trd,corn_weekly_tru,soybeans_monthly_jumps,soybeans_monthly_lev,soybeans_monthly_rku,soybeans_monthly_rsk,soybeans_monthly_rv,soybeans_monthly_rvb,soybeans_monthly_rvg,soybeans_monthly_trd,soybeans_monthly_tru,soybeans_seasonal_jumps,soybeans_seasonal_lev,soybeans_seasonal_rku,soybeans_seasonal_rsk,soybeans_seasonal_rv,soybeans_seasonal_rvb,soybeans_seasonal_rvg,soybeans_seasonal_trd,soybeans_seasonal_tru,soybeans_weekly_jumps,soybeans_weekly_lev,soybeans_weekly_rku,soybeans_weekly_rsk,soybeans_weekly_rv,soybeans_weekly_rvb,soybeans_weekly_rvg,soybeans_weekly_trd,soybeans_weekly_tru,ssta_elino,ssta_lanina,dry,wet,SOI_index,NAO_index,Text_Climate_Anomaly,frbsf_sentiment,epu_index,DJIA_Index,WTI_Index,Broad_Dollar_index,Stock_Uncertainty",rolling,156,1,8,156.0,70,bsr,True,False,log,1e-10,True,1e-10,,0.05,full,104.0,1.0,3,80,test_r2,0.1989660276824634
bsr_rolling,har_endo_exogenous_climate,77,"wheat_weekly_rv,wheat_monthly_rv,wheat_seasonal_rv,wheat_monthly_rku,wheat_monthly_rsk,wheat_monthly_rvg,wheat_monthly_tru,wheat_seasonal_lev,wheat_seasonal_rku,wheat_seasonal_rsk,wheat_seasonal_rvb,wheat_seasonal_rvg,wheat_seasonal_trd,wheat_weekly_rku,corn_monthly_jumps,corn_monthly_rvb,corn_monthly_trd,corn_seasonal_jumps,corn_seasonal_rku,corn_weekly_tru,soybeans_monthly_rvg,soybeans_monthly_tru,soybeans_seasonal_rku,soybeans_seasonal_rv,soybeans_seasonal_rvg,soybeans_seasonal_trd,wet,SOI_index,NAO_index,wheat_monthly_rvb,wheat_seasonal_jumps,wheat_seasonal_tru,corn_monthly_lev,corn_monthly_rsk,corn_monthly_rv,corn_seasonal_lev,corn_seasonal_rsk,corn_seasonal_rvb,corn_seasonal_rvg,corn_seasonal_tru,soybeans_monthly_lev,soybeans_monthly_rku,soybeans_seasonal_rvb,soybeans_seasonal_tru,soybeans_weekly_lev,soybeans_weekly_rv,soybeans_weekly_rvb,Text_Climate_Anomaly,corn_seasonal_trd,soybeans_monthly_rvb,soybeans_weekly_trd,ssta_elino,wheat_monthly_lev,wheat_weekly_lev,wheat_weekly_rsk,corn_monthly_rku,corn_monthly_rvg,corn_seasonal_rv,soybeans_monthly_jumps,soybeans_weekly_rvg,ssta_lanina,soybeans_monthly_rsk,soybeans_seasonal_jumps,wheat_monthly_trd,wheat_weekly_jumps,wheat_weekly_rvg,wheat_weekly_tru,corn_weekly_lev,corn_weekly_rv,corn_weekly_rvb,soybeans_seasonal_lev,soybeans_weekly_tru,wheat_monthly_jumps,corn_weekly_rku,corn_weekly_trd,corn_weekly_jumps,soybeans_monthly_rv",8.650520251565701e-06,0.0018977265178488473,-3.1910091144998574,0.61561248217022,0.6859124213094197,1.2332283784194318e-05,0.002704021925951314,-3.1695537616746323,0.3165549161958592,0.3080332832192235,wheat_weekly_rv,RV_target,12,"wheat_weekly_rv,wheat_monthly_rv,wheat_seasonal_rv","wheat_monthly_jumps,wheat_monthly_lev,wheat_monthly_rku,wheat_monthly_rsk,wheat_monthly_rvb,wheat_monthly_rvg,wheat_monthly_trd,wheat_monthly_tru,wheat_seasonal_jumps,wheat_seasonal_lev,wheat_seasonal_rku,wheat_seasonal_rsk,wheat_seasonal_rvb,wheat_seasonal_rvg,wheat_seasonal_trd,wheat_seasonal_tru,wheat_weekly_jumps,wheat_weekly_lev,wheat_weekly_rku,wheat_weekly_rsk,wheat_weekly_rvb,wheat_weekly_rvg,wheat_weekly_trd,wheat_weekly_tru,corn_monthly_jumps,corn_monthly_lev,corn_monthly_rku,corn_monthly_rsk,corn_monthly_rv,corn_monthly_rvb,corn_monthly_rvg,corn_monthly_trd,corn_monthly_tru,corn_seasonal_jumps,corn_seasonal_lev,corn_seasonal_rku,corn_seasonal_rsk,corn_seasonal_rv,corn_seasonal_rvb,corn_seasonal_rvg,corn_seasonal_trd,corn_seasonal_tru,corn_weekly_jumps,corn_weekly_lev,corn_weekly_rku,corn_weekly_rsk,corn_weekly_rv,corn_weekly_rvb,corn_weekly_rvg,corn_weekly_trd,corn_weekly_tru,soybeans_monthly_jumps,soybeans_monthly_lev,soybeans_monthly_rku,soybeans_monthly_rsk,soybeans_monthly_rv,soybeans_monthly_rvb,soybeans_monthly_rvg,soybeans_monthly_trd,soybeans_monthly_tru,soybeans_seasonal_jumps,soybeans_seasonal_lev,soybeans_seasonal_rku,soybeans_seasonal_rsk,soybeans_seasonal_rv,soybeans_seasonal_rvb,soybeans_seasonal_rvg,soybeans_seasonal_trd,soybeans_seasonal_tru,soybeans_weekly_jumps,soybeans_weekly_lev,soybeans_weekly_rku,soybeans_weekly_rsk,soybeans_weekly_rv,soybeans_weekly_rvb,soybeans_weekly_rvg,soybeans_weekly_trd,soybeans_weekly_tru,ssta_elino,ssta_lanina,dry,wet,SOI_index,NAO_index,Text_Climate_Anomaly",rolling,312,1,8,312.0,64,bsr,True,False,log,1e-10,True,1e-10,,0.05,full,104.0,1.0,51,80,test_r2,0.3165549161958592
bsr_rolling,har_endo,23,"wheat_weekly_rv,wheat_monthly_rv,wheat_seasonal_rv,wheat_seasonal_lev,wheat_seasonal_rsk,wheat_seasonal_rvb,wheat_seasonal_trd,wheat_seasonal_tru,wheat_weekly_rsk,wheat_monthly_lev,wheat_monthly_rvg,wheat_seasonal_jumps,wheat_seasonal_rvg,wheat_monthly_jumps,wheat_monthly_rsk,wheat_monthly_trd,wheat_weekly_rvb,wheat_weekly_trd,wheat_weekly_rvg,wheat_monthly_tru,wheat_weekly_jumps,wheat_weekly_tru,wheat_weekly_lev",1.3653892756794287e-05,0.002369983324625262,-3.1823947624476365,0.3932866702961323,0.480129302305235,1.5224963821802175e-05,0.00284535614741923,-3.1881424298854886,0.08021295951687535,0.018388143958537162,wheat_weekly_rv,RV_target,12,"wheat_weekly_rv,wheat_monthly_rv,wheat_seasonal_rv","wheat_monthly_jumps,wheat_monthly_lev,wheat_monthly_rku,wheat_monthly_rsk,wheat_monthly_rvb,wheat_monthly_rvg,wheat_monthly_trd,wheat_monthly_tru,wheat_seasonal_jumps,wheat_seasonal_lev,wheat_seasonal_rku,wheat_seasonal_rsk,wheat_seasonal_rvb,wheat_seasonal_rvg,wheat_seasonal_trd,wheat_seasonal_tru,wheat_weekly_jumps,wheat_weekly_lev,wheat_weekly_rku,wheat_weekly_rsk,wheat_weekly_rvb,wheat_weekly_rvg,wheat_weekly_trd,wheat_weekly_tru",rolling,208,1,8,208.0,77,bsr,True,False,log,1e-10,True,1e-10,,0.05,full,104.0,1.0,19,80,test_r2,0.08021295951687535
lasso_expanding,har_endo_exogenous_climate,17,"wet,wheat_monthly_rv,wheat_seasonal_rv,wheat_weekly_rv,wheat_monthly_rvb,SOI_index,Text_Climate_Anomaly,corn_monthly_rku,corn_seasonal_jumps,corn_seasonal_tru,dry,soybeans_seasonal_lev,ssta_elino,wheat_monthly_jumps,wheat_weekly_rku,wheat_weekly_rvb,ssta_lanina",1.906769762398808e-05,0.0028993384802044864,-3.171668682102551,0.15669750284348294,0.22850995126817697,1.0543536495622898e-05,0.002409231115541132,-3.186389094764504,0.15274214552715082,0.2115256339684498,wheat_weekly_rv,RV_target,12,"wheat_weekly_rv,wheat_monthly_rv,wheat_seasonal_rv","wheat_monthly_jumps,wheat_monthly_lev,wheat_monthly_rku,wheat_monthly_rsk,wheat_monthly_rvb,wheat_monthly_rvg,wheat_monthly_trd,wheat_monthly_tru,wheat_seasonal_jumps,wheat_seasonal_lev,wheat_seasonal_rku,wheat_seasonal_rsk,wheat_seasonal_rvb,wheat_seasonal_rvg,wheat_seasonal_trd,wheat_seasonal_tru,wheat_weekly_jumps,wheat_weekly_lev,wheat_weekly_rku,wheat_weekly_rsk,wheat_weekly_rvb,wheat_weekly_rvg,wheat_weekly_trd,wheat_weekly_tru,corn_monthly_jumps,corn_monthly_lev,corn_monthly_rku,corn_monthly_rsk,corn_monthly_rv,corn_monthly_rvb,corn_monthly_rvg,corn_monthly_trd,corn_monthly_tru,corn_seasonal_jumps,corn_seasonal_lev,corn_seasonal_rku,corn_seasonal_rsk,corn_seasonal_rv,corn_seasonal_rvb,corn_seasonal_rvg,corn_seasonal_trd,corn_seasonal_tru,corn_weekly_jumps,corn_weekly_lev,corn_weekly_rku,corn_weekly_rsk,corn_weekly_rv,corn_weekly_rvb,corn_weekly_rvg,corn_weekly_trd,corn_weekly_tru,soybeans_monthly_jumps,soybeans_monthly_lev,soybeans_monthly_rku,soybeans_monthly_rsk,soybeans_monthly_rv,soybeans_monthly_rvb,soybeans_monthly_rvg,soybeans_monthly_trd,soybeans_monthly_tru,soybeans_seasonal_jumps,soybeans_seasonal_lev,soybeans_seasonal_rku,soybeans_seasonal_rsk,soybeans_seasonal_rv,soybeans_seasonal_rvb,soybeans_seasonal_rvg,soybeans_seasonal_trd,soybeans_seasonal_tru,soybeans_weekly_jumps,soybeans_weekly_lev,soybeans_weekly_rku,soybeans_weekly_rsk,soybeans_weekly_rv,soybeans_weekly_rvb,soybeans_weekly_rvg,soybeans_weekly_trd,soybeans_weekly_tru,ssta_elino,ssta_lanina,dry,wet,SOI_index,NAO_index,Text_Climate_Anomaly",expanding,260,1,8,,70,lasso,True,True,log,1e-10,True,1e-10,0.0015857390182778745,,,,,35,80,test_r2,0.15274214552715082
lasso_expanding,har_endo,9,"wheat_monthly_rv,wheat_seasonal_rv,wheat_weekly_rv,wheat_monthly_jumps,wheat_monthly_rvb,wheat_weekly_rvb,wheat_monthly_trd,wheat_seasonal_jumps,wheat_seasonal_tru",1.9214761316831482e-05,0.0029304717421814795,-3.1709105859161264,0.1461884148607463,0.20207216663586836,1.3839625912308226e-05,0.0027264451302023473,-3.178092969051629,0.11661318930167741,0.15728203574732436,wheat_weekly_rv,RV_target,12,"wheat_weekly_rv,wheat_monthly_rv,wheat_seasonal_rv","wheat_monthly_jumps,wheat_monthly_lev,wheat_monthly_rku,wheat_monthly_rsk,wheat_monthly_rvb,wheat_monthly_rvg,wheat_monthly_trd,wheat_monthly_tru,wheat_seasonal_jumps,wheat_seasonal_lev,wheat_seasonal_rku,wheat_seasonal_rsk,wheat_seasonal_rvb,wheat_seasonal_rvg,wheat_seasonal_trd,wheat_seasonal_tru,wheat_weekly_jumps,wheat_weekly_lev,wheat_weekly_rku,wheat_weekly_rsk,wheat_weekly_rvb,wheat_weekly_rvg,wheat_weekly_trd,wheat_weekly_tru",expanding,312,1,4,,127,lasso,True,True,log,1e-10,True,1e-10,0.0007705902993333546,,,,,50,80,test_r2,0.11661318930167741
lasso_expanding,har,3,"wheat_monthly_rv,wheat_seasonal_rv,wheat_weekly_rv",1.9911541261731713e-05,0.003001227686224871,-3.1697723978459793,0.11522686506895286,0.17262317809322414,1.3995383373181554e-05,0.0026245462087019617,-3.1934341731799814,0.1544957082386259,0.17074504769777588,wheat_weekly_rv,RV_target,12,"wheat_weekly_rv,wheat_monthly_rv,wheat_seasonal_rv",,expanding,208,1,8,,77,lasso,True,True,log,1e-10,True,1e-10,0.0004720636537567698,,,,,19,80,test_r2,0.1544957082386259
lasso_expanding,har_endo_exogenous_climate_news,11,"wheat_monthly_rv,wheat_seasonal_rv,wheat_weekly_rv,wet,wheat_monthly_rvb,Text_Climate_Anomaly,SOI_index,wheat_monthly_jumps,wheat_weekly_rvb,ssta_lanina,wheat_monthly_trd",1.8903702488262065e-05,0.0028780064186595105,-3.1720382983599418,0.1600103732558148,0.23242154813915405,1.4298806421705103e-05,0.0026801146345543678,-3.1933838282561426,0.13616498567781476,0.1745537933667446,wheat_weekly_rv,RV_target,12,"wheat_weekly_rv,wheat_monthly_rv,wheat_seasonal_rv","wheat_monthly_jumps,wheat_monthly_lev,wheat_monthly_rku,wheat_monthly_rsk,wheat_monthly_rvb,wheat_monthly_rvg,wheat_monthly_trd,wheat_monthly_tru,wheat_seasonal_jumps,wheat_seasonal_lev,wheat_seasonal_rku,wheat_seasonal_rsk,wheat_seasonal_rvb,wheat_seasonal_rvg,wheat_seasonal_trd,wheat_seasonal_tru,wheat_weekly_jumps,wheat_weekly_lev,wheat_weekly_rku,wheat_weekly_rsk,wheat_weekly_rvb,wheat_weekly_rvg,wheat_weekly_trd,wheat_weekly_tru,corn_monthly_jumps,corn_monthly_lev,corn_monthly_rku,corn_monthly_rsk,corn_monthly_rv,corn_monthly_rvb,corn_monthly_rvg,corn_monthly_trd,corn_monthly_tru,corn_seasonal_jumps,corn_seasonal_lev,corn_seasonal_rku,corn_seasonal_rsk,corn_seasonal_rv,corn_seasonal_rvb,corn_seasonal_rvg,corn_seasonal_trd,corn_seasonal_tru,corn_weekly_jumps,corn_weekly_lev,corn_weekly_rku,corn_weekly_rsk,corn_weekly_rv,corn_weekly_rvb,corn_weekly_rvg,corn_weekly_trd,corn_weekly_tru,soybeans_monthly_jumps,soybeans_monthly_lev,soybeans_monthly_rku,soybeans_monthly_rsk,soybeans_monthly_rv,soybeans_monthly_rvb,soybeans_monthly_rvg,soybeans_monthly_trd,soybeans_monthly_tru,soybeans_seasonal_jumps,soybeans_seasonal_lev,soybeans_seasonal_rku,soybeans_seasonal_rsk,soybeans_seasonal_rv,soybeans_seasonal_rvb,soybeans_seasonal_rvg,soybeans_seasonal_trd,soybeans_seasonal_tru,soybeans_weekly_jumps,soybeans_weekly_lev,soybeans_weekly_rku,soybeans_weekly_rsk,soybeans_weekly_rv,soybeans_weekly_rvb,soybeans_weekly_rvg,soybeans_weekly_trd,soybeans_weekly_tru,ssta_elino,ssta_lanina,dry,wet,SOI_index,NAO_index,Text_Climate_Anomaly,frbsf_sentiment,epu_index",expanding,208,1,8,,77,lasso,True,True,log,1e-10,True,1e-10,0.001595336150293623,,,,,19,80,test_r2,0.13616498567781476
lasso_expanding,har_endo_exo,9,"wheat_monthly_rv,wheat_seasonal_rv,wheat_weekly_rv,wheat_monthly_jumps,wheat_monthly_rvb,wheat_monthly_trd,wheat_weekly_rvb,wheat_seasonal_tru,wheat_seasonal_jumps",1.9364079895124333e-05,0.0029455841889832225,-3.1707578736416733,0.13955341534548915,0.19780060832968316,1.5812171883193368e-05,0.002831687795396657,-3.1630855042478254,0.12370236308662863,0.168617689338303,wheat_weekly_rv,RV_target,12,"wheat_weekly_rv,wheat_monthly_rv,wheat_seasonal_rv","wheat_monthly_jumps,wheat_monthly_lev,wheat_monthly_rku,wheat_monthly_rsk,wheat_monthly_rvb,wheat_monthly_rvg,wheat_monthly_trd,wheat_monthly_tru,wheat_seasonal_jumps,wheat_seasonal_lev,wheat_seasonal_rku,wheat_seasonal_rsk,wheat_seasonal_rvb,wheat_seasonal_rvg,wheat_seasonal_trd,wheat_seasonal_tru,wheat_weekly_jumps,wheat_weekly_lev,wheat_weekly_rku,wheat_weekly_rsk,wheat_weekly_rvb,wheat_weekly_rvg,wheat_weekly_trd,wheat_weekly_tru,corn_monthly_jumps,corn_monthly_lev,corn_monthly_rku,corn_monthly_rsk,corn_monthly_rv,corn_monthly_rvb,corn_monthly_rvg,corn_monthly_trd,corn_monthly_tru,corn_seasonal_jumps,corn_seasonal_lev,corn_seasonal_rku,corn_seasonal_rsk,corn_seasonal_rv,corn_seasonal_rvb,corn_seasonal_rvg,corn_seasonal_trd,corn_seasonal_tru,corn_weekly_jumps,corn_weekly_lev,corn_weekly_rku,corn_weekly_rsk,corn_weekly_rv,corn_weekly_rvb,corn_weekly_rvg,corn_weekly_trd,corn_weekly_tru,soybeans_monthly_jumps,soybeans_monthly_lev,soybeans_monthly_rku,soybeans_monthly_rsk,soybeans_monthly_rv,soybeans_monthly_rvb,soybeans_monthly_rvg,soybeans_monthly_trd,soybeans_monthly_tru,soybeans_seasonal_jumps,soybeans_seasonal_lev,soybeans_seasonal_rku,soybeans_seasonal_rsk,soybeans_seasonal_rv,soybeans_seasonal_rvb,soybeans_seasonal_rvg,soybeans_seasonal_trd,soybeans_seasonal_tru,soybeans_weekly_jumps,soybeans_weekly_lev,soybeans_weekly_rku,soybeans_weekly_rsk,soybeans_weekly_rv,soybeans_weekly_rvb,soybeans_weekly_rvg,soybeans_weekly_trd,soybeans_weekly_tru",expanding,312,1,8,,64,lasso,True,True,log,1e-10,True,1e-10,0.0011856141664002304,,,,,51,80,test_r2,0.12370236308662863
lasso_expanding,har__all,13,"wet,wheat_monthly_rv,wheat_seasonal_rv,wheat_weekly_rv,DJIA_Index,Text_Climate_Anomaly,wheat_monthly_rvb,wheat_monthly_trd,soybeans_seasonal_rsk,ssta_elino,SOI_index,ssta_lanina,wheat_monthly_jumps",1.9515556408586088e-05,0.002862496729810368,-3.162305797512701,0.17183856621132576,0.25018146470163083,2.5992460959732557e-05,0.0028438494406957306,-3.1470337950497287,0.12604904352783974,0.2634024105324434,wheat_weekly_rv,RV_target,12,"wheat_weekly_rv,wheat_monthly_rv,wheat_seasonal_rv","wheat_monthly_jumps,wheat_monthly_lev,wheat_monthly_rku,wheat_monthly_rsk,wheat_monthly_rvb,wheat_monthly_rvg,wheat_monthly_trd,wheat_monthly_tru,wheat_seasonal_jumps,wheat_seasonal_lev,wheat_seasonal_rku,wheat_seasonal_rsk,wheat_seasonal_rvb,wheat_seasonal_rvg,wheat_seasonal_trd,wheat_seasonal_tru,wheat_weekly_jumps,wheat_weekly_lev,wheat_weekly_rku,wheat_weekly_rsk,wheat_weekly_rvb,wheat_weekly_rvg,wheat_weekly_trd,wheat_weekly_tru,corn_monthly_jumps,corn_monthly_lev,corn_monthly_rku,corn_monthly_rsk,corn_monthly_rv,corn_monthly_rvb,corn_monthly_rvg,corn_monthly_trd,corn_monthly_tru,corn_seasonal_jumps,corn_seasonal_lev,corn_seasonal_rku,corn_seasonal_rsk,corn_seasonal_rv,corn_seasonal_rvb,corn_seasonal_rvg,corn_seasonal_trd,corn_seasonal_tru,corn_weekly_jumps,corn_weekly_lev,corn_weekly_rku,corn_weekly_rsk,corn_weekly_rv,corn_weekly_rvb,corn_weekly_rvg,corn_weekly_trd,corn_weekly_tru,soybeans_monthly_jumps,soybeans_monthly_lev,soybeans_monthly_rku,soybeans_monthly_rsk,soybeans_monthly_rv,soybeans_monthly_rvb,soybeans_monthly_rvg,soybeans_monthly_trd,soybeans_monthly_tru,soybeans_seasonal_jumps,soybeans_seasonal_lev,soybeans_seasonal_rku,soybeans_seasonal_rsk,soybeans_seasonal_rv,soybeans_seasonal_rvb,soybeans_seasonal_rvg,soybeans_seasonal_trd,soybeans_seasonal_tru,soybeans_weekly_jumps,soybeans_weekly_lev,soybeans_weekly_rku,soybeans_weekly_rsk,soybeans_weekly_rv,soybeans_weekly_rvb,soybeans_weekly_rvg,soybeans_weekly_trd,soybeans_weekly_tru,ssta_elino,ssta_lanina,dry,wet,SOI_index,NAO_index,Text_Climate_Anomaly,frbsf_sentiment,epu_index,DJIA_Index,WTI_Index,Broad_Dollar_index,Stock_Uncertainty",expanding,312,1,8,,50,lasso,True,True,log,1e-10,True,1e-10,0.0016589859634527832,,,,,51,80,test_r2,0.12604904352783974
lasso_rolling,har,3,"wheat_monthly_rv,wheat_seasonal_rv,wheat_weekly_rv",1.8408773999416684e-05,0.0028021159533659456,-3.173243178519221,0.18583956021161652,0.2705780744093482,1.1368070246136546e-05,0.0024937830830426256,-3.184048147272349,0.08648423512956604,0.15509369673962103,wheat_weekly_rv,RV_target,12,"wheat_weekly_rv,wheat_monthly_rv,wheat_seasonal_rv",,rolling,260,1,8,260.0,70,lasso,True,True,log,1e-10,True,1e-10,0.0003712038860152713,,,,,35,80,test_r2,0.08648423512956604
lasso_rolling,har_endo,10,"wheat_monthly_rv,wheat_seasonal_rv,wheat_weekly_rv,wheat_monthly_rvb,wheat_monthly_lev,wheat_seasonal_rvg,wheat_weekly_rvb,wheat_monthly_rsk,wheat_seasonal_jumps,wheat_seasonal_tru",1.8043112405810425e-05,0.00276110547007359,-3.1739735635040938,0.20201158795630092,0.2887518609253996,1.1467446916822125e-05,0.002519601343394732,-3.1837211943872177,0.07849852133944712,0.14532603281364365,wheat_weekly_rv,RV_target,12,"wheat_weekly_rv,wheat_monthly_rv,wheat_seasonal_rv","wheat_monthly_jumps,wheat_monthly_lev,wheat_monthly_rku,wheat_monthly_rsk,wheat_monthly_rvb,wheat_monthly_rvg,wheat_monthly_trd,wheat_monthly_tru,wheat_seasonal_jumps,wheat_seasonal_lev,wheat_seasonal_rku,wheat_seasonal_rsk,wheat_seasonal_rvb,wheat_seasonal_rvg,wheat_seasonal_trd,wheat_seasonal_tru,wheat_weekly_jumps,wheat_weekly_lev,wheat_weekly_rku,wheat_weekly_rsk,wheat_weekly_rvb,wheat_weekly_rvg,wheat_weekly_trd,wheat_weekly_tru",rolling,260,1,8,260.0,70,lasso,True,True,log,1e-10,True,1e-10,0.0007214128834684774,,,,,35,80,test_r2,0.07849852133944712
lasso_rolling,har_endo_exo,18,"wheat_monthly_rv,wheat_seasonal_rv,wheat_weekly_rv,wheat_monthly_rvb,corn_seasonal_rsk,corn_seasonal_rv,wheat_monthly_lev,wheat_seasonal_jumps,wheat_seasonal_lev,wheat_weekly_rvb,corn_seasonal_rku,soybeans_seasonal_rku,soybeans_seasonal_rsk,soybeans_weekly_rku,corn_seasonal_lev,corn_monthly_rsk,corn_seasonal_jumps,wheat_seasonal_tru",1.6430827250155906e-05,0.0026454639454381564,-3.1771443498712855,0.26989305626627413,0.354590272122124,1.261958800363788e-05,0.0026449994431807238,-3.195531620805144,0.2376117514735432,0.22280154270090102,wheat_weekly_rv,RV_target,12,"wheat_weekly_rv,wheat_monthly_rv,wheat_seasonal_rv","wheat_monthly_jumps,wheat_monthly_lev,wheat_monthly_rku,wheat_monthly_rsk,wheat_monthly_rvb,wheat_monthly_rvg,wheat_monthly_trd,wheat_monthly_tru,wheat_seasonal_jumps,wheat_seasonal_lev,wheat_seasonal_rku,wheat_seasonal_rsk,wheat_seasonal_rvb,wheat_seasonal_rvg,wheat_seasonal_trd,wheat_seasonal_tru,wheat_weekly_jumps,wheat_weekly_lev,wheat_weekly_rku,wheat_weekly_rsk,wheat_weekly_rvb,wheat_weekly_rvg,wheat_weekly_trd,wheat_weekly_tru,corn_monthly_jumps,corn_monthly_lev,corn_monthly_rku,corn_monthly_rsk,corn_monthly_rv,corn_monthly_rvb,corn_monthly_rvg,corn_monthly_trd,corn_monthly_tru,corn_seasonal_jumps,corn_seasonal_lev,corn_seasonal_rku,corn_seasonal_rsk,corn_seasonal_rv,corn_seasonal_rvb,corn_seasonal_rvg,corn_seasonal_trd,corn_seasonal_tru,corn_weekly_jumps,corn_weekly_lev,corn_weekly_rku,corn_weekly_rsk,corn_weekly_rv,corn_weekly_rvb,corn_weekly_rvg,corn_weekly_trd,corn_weekly_tru,soybeans_monthly_jumps,soybeans_monthly_lev,soybeans_monthly_rku,soybeans_monthly_rsk,soybeans_monthly_rv,soybeans_monthly_rvb,soybeans_monthly_rvg,soybeans_monthly_trd,soybeans_monthly_tru,soybeans_seasonal_jumps,soybeans_seasonal_lev,soybeans_seasonal_rku,soybeans_seasonal_rsk,soybeans_seasonal_rv,soybeans_seasonal_rvb,soybeans_seasonal_rvg,soybeans_seasonal_trd,soybeans_seasonal_tru,soybeans_weekly_jumps,soybeans_weekly_lev,soybeans_weekly_rku,soybeans_weekly_rsk,soybeans_weekly_rv,soybeans_weekly_rvb,soybeans_weekly_rvg,soybeans_weekly_trd,soybeans_weekly_tru",rolling,208,1,8,208.0,77,lasso,True,True,log,1e-10,True,1e-10,0.001305185422647854,,,,,19,80,test_r2,0.2376117514735432
lasso_rolling,har_endo_exogenous_climate_news,42,"wheat_monthly_rv,wheat_seasonal_rv,wheat_weekly_rv,SOI_index,Text_Climate_Anomaly,corn_seasonal_jumps,corn_seasonal_tru,soybeans_monthly_rv,soybeans_seasonal_lev,soybeans_weekly_jumps,wet,wheat_monthly_rku,wheat_seasonal_rsk,wheat_weekly_rku,ssta_lanina,wheat_monthly_rvb,wheat_monthly_trd,wheat_weekly_rvb,wheat_weekly_rvg,corn_seasonal_rku,corn_seasonal_rsk,corn_seasonal_rv,wheat_monthly_lev,wheat_seasonal_jumps,corn_seasonal_lev,corn_monthly_rsk,corn_weekly_rku,frbsf_sentiment,soybeans_monthly_rku,soybeans_seasonal_rku,soybeans_weekly_rku,soybeans_weekly_rv,wheat_seasonal_rku,wheat_seasonal_tru,wheat_weekly_lev,NAO_index,soybeans_weekly_tru,wheat_weekly_jumps,corn_monthly_rku,corn_weekly_rsk,soybeans_weekly_rsk,epu_index",1.3028397473477313e-05,0.002371662838907045,-3.183141206756537,0.4210806725499192,0.48870522247820025,1.2741551464249105e-05,0.002654801860705041,-3.1965007973066553,0.23024356250471056,0.24389816084720684,wheat_weekly_rv,RV_target,12,"wheat_weekly_rv,wheat_monthly_rv,wheat_seasonal_rv","wheat_monthly_jumps,wheat_monthly_lev,wheat_monthly_rku,wheat_monthly_rsk,wheat_monthly_rvb,wheat_monthly_rvg,wheat_monthly_trd,wheat_monthly_tru,wheat_seasonal_jumps,wheat_seasonal_lev,wheat_seasonal_rku,wheat_seasonal_rsk,wheat_seasonal_rvb,wheat_seasonal_rvg,wheat_seasonal_trd,wheat_seasonal_tru,wheat_weekly_jumps,wheat_weekly_lev,wheat_weekly_rku,wheat_weekly_rsk,wheat_weekly_rvb,wheat_weekly_rvg,wheat_weekly_trd,wheat_weekly_tru,corn_monthly_jumps,corn_monthly_lev,corn_monthly_rku,corn_monthly_rsk,corn_monthly_rv,corn_monthly_rvb,corn_monthly_rvg,corn_monthly_trd,corn_monthly_tru,corn_seasonal_jumps,corn_seasonal_lev,corn_seasonal_rku,corn_seasonal_rsk,corn_seasonal_rv,corn_seasonal_rvb,corn_seasonal_rvg,corn_seasonal_trd,corn_seasonal_tru,corn_weekly_jumps,corn_weekly_lev,corn_weekly_rku,corn_weekly_rsk,corn_weekly_rv,corn_weekly_rvb,corn_weekly_rvg,corn_weekly_trd,corn_weekly_tru,soybeans_monthly_jumps,soybeans_monthly_lev,soybeans_monthly_rku,soybeans_monthly_rsk,soybeans_monthly_rv,soybeans_monthly_rvb,soybeans_monthly_rvg,soybeans_monthly_trd,soybeans_monthly_tru,soybeans_seasonal_jumps,soybeans_seasonal_lev,soybeans_seasonal_rku,soybeans_seasonal_rsk,soybeans_seasonal_rv,soybeans_seasonal_rvb,soybeans_seasonal_rvg,soybeans_seasonal_trd,soybeans_seasonal_tru,soybeans_weekly_jumps,soybeans_weekly_lev,soybeans_weekly_rku,soybeans_weekly_rsk,soybeans_weekly_rv,soybeans_weekly_rvb,soybeans_weekly_rvg,soybeans_weekly_trd,soybeans_weekly_tru,ssta_elino,ssta_lanina,dry,wet,SOI_index,NAO_index,Text_Climate_Anomaly,frbsf_sentiment,epu_index",rolling,208,1,8,208.0,77,lasso,True,True,log,1e-10,True,1e-10,0.001711998211663709,,,,,19,80,test_r2,0.23024356250471056
lasso_rolling,har_endo_exogenous_climate,39,"wheat_monthly_rv,wheat_seasonal_rv,wheat_weekly_rv,SOI_index,Text_Climate_Anomaly,corn_monthly_rku,corn_seasonal_jumps,corn_weekly_lev,soybeans_seasonal_rsk,soybeans_weekly_rku,ssta_lanina,wet,wheat_monthly_rvb,wheat_monthly_rvg,wheat_monthly_trd,wheat_weekly_rvg,wheat_weekly_rvb,corn_seasonal_rku,corn_seasonal_rsk,corn_seasonal_rv,wheat_monthly_lev,wheat_seasonal_jumps,corn_seasonal_lev,corn_monthly_rsk,corn_weekly_rku,soybeans_monthly_rku,soybeans_seasonal_rku,wheat_seasonal_rku,wheat_seasonal_tru,wheat_weekly_lev,NAO_index,soybeans_monthly_rsk,soybeans_seasonal_lev,soybeans_weekly_tru,ssta_elino,wheat_seasonal_rsk,wheat_weekly_jumps,corn_weekly_rsk,soybeans_weekly_rsk",1.3730340275329732e-05,0.0024223399459327847,-3.1818048645066197,0.3898897102244224,0.4593985159204109,1.3203800418410036e-05,0.0027519966164863464,-3.1948635448737086,0.20231767693345837,0.1979551996745358,wheat_weekly_rv,RV_target,12,"wheat_weekly_rv,wheat_monthly_rv,wheat_seasonal_rv","wheat_monthly_jumps,wheat_monthly_lev,wheat_monthly_rku,wheat_monthly_rsk,wheat_monthly_rvb,wheat_monthly_rvg,wheat_monthly_trd,wheat_monthly_tru,wheat_seasonal_jumps,wheat_seasonal_lev,wheat_seasonal_rku,wheat_seasonal_rsk,wheat_seasonal_rvb,wheat_seasonal_rvg,wheat_seasonal_trd,wheat_seasonal_tru,wheat_weekly_jumps,wheat_weekly_lev,wheat_weekly_rku,wheat_weekly_rsk,wheat_weekly_rvb,wheat_weekly_rvg,wheat_weekly_trd,wheat_weekly_tru,corn_monthly_jumps,corn_monthly_lev,corn_monthly_rku,corn_monthly_rsk,corn_monthly_rv,corn_monthly_rvb,corn_monthly_rvg,corn_monthly_trd,corn_monthly_tru,corn_seasonal_jumps,corn_seasonal_lev,corn_seasonal_rku,corn_seasonal_rsk,corn_seasonal_rv,corn_seasonal_rvb,corn_seasonal_rvg,corn_seasonal_trd,corn_seasonal_tru,corn_weekly_jumps,corn_weekly_lev,corn_weekly_rku,corn_weekly_rsk,corn_weekly_rv,corn_weekly_rvb,corn_weekly_rvg,corn_weekly_trd,corn_weekly_tru,soybeans_monthly_jumps,soybeans_monthly_lev,soybeans_monthly_rku,soybeans_monthly_rsk,soybeans_monthly_rv,soybeans_monthly_rvb,soybeans_monthly_rvg,soybeans_monthly_trd,soybeans_monthly_tru,soybeans_seasonal_jumps,soybeans_seasonal_lev,soybeans_seasonal_rku,soybeans_seasonal_rsk,soybeans_seasonal_rv,soybeans_seasonal_rvb,soybeans_seasonal_rvg,soybeans_seasonal_trd,soybeans_seasonal_tru,soybeans_weekly_jumps,soybeans_weekly_lev,soybeans_weekly_rku,soybeans_weekly_rsk,soybeans_weekly_rv,soybeans_weekly_rvb,soybeans_weekly_rvg,soybeans_weekly_trd,soybeans_weekly_tru,ssta_elino,ssta_lanina,dry,wet,SOI_index,NAO_index,Text_Climate_Anomaly",rolling,208,1,8,208.0,77,lasso,True,True,log,1e-10,True,1e-10,0.001388654531737242,,,,,19,80,test_r2,0.20231767693345837
lasso_rolling,har__all,43,"DJIA_Index,wheat_monthly_rv,wheat_seasonal_rv,wheat_weekly_rv,Text_Climate_Anomaly,corn_seasonal_jumps,wet,wheat_monthly_trd,wheat_weekly_rku,wheat_monthly_rvb,Broad_Dollar_index,soybeans_weekly_rvg,wheat_seasonal_rvg,NAO_index,WTI_Index,corn_monthly_rku,corn_seasonal_lev,corn_seasonal_rsk,corn_seasonal_rv,corn_weekly_jumps,corn_weekly_lev,corn_weekly_tru,frbsf_sentiment,soybeans_monthly_rku,soybeans_seasonal_lev,soybeans_seasonal_rku,soybeans_seasonal_tru,soybeans_weekly_rku,ssta_elino,ssta_lanina,wheat_monthly_lev,wheat_monthly_rsk,wheat_seasonal_lev,wheat_weekly_lev,wheat_weekly_rvb,corn_weekly_rku,wheat_monthly_rku,wheat_seasonal_jumps,wheat_seasonal_tru,SOI_index,corn_monthly_rsk,corn_seasonal_rvb,soybeans_monthly_rsk",1.4035915836091797e-05,0.0024828794533826174,-3.172549416110602,0.40176619416933435,0.46085075399097886,1.552155499024397e-05,0.0027840078586233467,-3.170251523604998,0.237103959182833,0.19420949972992207,wheat_weekly_rv,RV_target,12,"wheat_weekly_rv,wheat_monthly_rv,wheat_seasonal_rv","wheat_monthly_jumps,wheat_monthly_lev,wheat_monthly_rku,wheat_monthly_rsk,wheat_monthly_rvb,wheat_monthly_rvg,wheat_monthly_trd,wheat_monthly_tru,wheat_seasonal_jumps,wheat_seasonal_lev,wheat_seasonal_rku,wheat_seasonal_rsk,wheat_seasonal_rvb,wheat_seasonal_rvg,wheat_seasonal_trd,wheat_seasonal_tru,wheat_weekly_jumps,wheat_weekly_lev,wheat_weekly_rku,wheat_weekly_rsk,wheat_weekly_rvb,wheat_weekly_rvg,wheat_weekly_trd,wheat_weekly_tru,corn_monthly_jumps,corn_monthly_lev,corn_monthly_rku,corn_monthly_rsk,corn_monthly_rv,corn_monthly_rvb,corn_monthly_rvg,corn_monthly_trd,corn_monthly_tru,corn_seasonal_jumps,corn_seasonal_lev,corn_seasonal_rku,corn_seasonal_rsk,corn_seasonal_rv,corn_seasonal_rvb,corn_seasonal_rvg,corn_seasonal_trd,corn_seasonal_tru,corn_weekly_jumps,corn_weekly_lev,corn_weekly_rku,corn_weekly_rsk,corn_weekly_rv,corn_weekly_rvb,corn_weekly_rvg,corn_weekly_trd,corn_weekly_tru,soybeans_monthly_jumps,soybeans_monthly_lev,soybeans_monthly_rku,soybeans_monthly_rsk,soybeans_monthly_rv,soybeans_monthly_rvb,soybeans_monthly_rvg,soybeans_monthly_trd,soybeans_monthly_tru,soybeans_seasonal_jumps,soybeans_seasonal_lev,soybeans_seasonal_rku,soybeans_seasonal_rsk,soybeans_seasonal_rv,soybeans_seasonal_rvb,soybeans_seasonal_rvg,soybeans_seasonal_trd,soybeans_seasonal_tru,soybeans_weekly_jumps,soybeans_weekly_lev,soybeans_weekly_rku,soybeans_weekly_rsk,soybeans_weekly_rv,soybeans_weekly_rvb,soybeans_weekly_rvg,soybeans_weekly_trd,soybeans_weekly_tru,ssta_elino,ssta_lanina,dry,wet,SOI_index,NAO_index,Text_Climate_Anomaly,frbsf_sentiment,epu_index,DJIA_Index,WTI_Index,Broad_Dollar_index,Stock_Uncertainty",rolling,208,1,4,208.0,126,lasso,True,True,log,1e-10,True,1e-10,0.0008267794137234622,,,,,18,80,test_r2,0.237103959182833
